Start Time, Sun Mar 18 11:29:39 GMT-0400 2007
Energy calibration,  Offset: 0, Slope: 0.755919873714447, Quadratic: 0
Live Time (s), 28.297512
Real Time (s), 28.620118
Elapsed Computational, 0
Spectrum
Channel, Energy (keV), Counts
1, 0.755919873714447, 0
2, 1.511839747428894, 0
3, 2.267759621143341, 0
4, 3.023679494857788, 0
5, 3.779599368572235, 0
6, 4.535519242286682, 0
7, 5.291439116001129, 0
8, 6.047358989715576, 0
9, 6.803278863430023, 0
10, 7.55919873714447, 30
11, 8.315118610858917, 22
12, 9.071038484573364, 24
13, 9.826958358287811, 32
14, 10.582878232002258, 26
15, 11.338798105716705, 24
16, 12.094717979431152, 37
17, 12.8506378531456, 29
18, 13.606557726860046, 18
19, 14.362477600574493, 23
20, 15.11839747428894, 28
21, 15.874317348003387, 30
22, 16.630237221717834, 30
23, 17.38615709543228, 24
24, 18.14207696914673, 38
25, 18.897996842861176, 39
26, 19.653916716575623, 40
27, 20.40983659029007, 28
28, 21.165756464004517, 35
29, 21.921676337718964, 30
30, 22.67759621143341, 30
31, 23.433516085147858, 40
32, 24.189435958862305, 31
33, 24.94535583257675, 32
34, 25.7012757062912, 33
35, 26.457195580005646, 28
36, 27.213115453720093, 27
37, 27.96903532743454, 41
38, 28.724955201148987, 38
39, 29.480875074863434, 25
40, 30.23679494857788, 34
41, 30.992714822292328, 31
42, 31.748634696006775, 41
43, 32.50455456972122, 32
44, 33.26047444343567, 29
45, 34.016394317150116, 38
46, 34.77231419086456, 37
47, 35.52823406457901, 29
48, 36.28415393829346, 43
49, 37.040073812007904, 27
50, 37.79599368572235, 34
51, 38.5519135594368, 31
52, 39.307833433151245, 25
53, 40.06375330686569, 29
54, 40.81967318058014, 28
55, 41.575593054294586, 38
56, 42.33151292800903, 23
57, 43.08743280172348, 38
58, 43.84335267543793, 24
59, 44.599272549152374, 22
60, 45.35519242286682, 40
61, 46.11111229658127, 30
62, 46.867032170295715, 35
63, 47.62295204401016, 39
64, 48.37887191772461, 33
65, 49.134791791439056, 43
66, 49.8907116651535, 35
67, 50.64663153886795, 30
68, 51.4025514125824, 37
69, 52.158471286296844, 37
70, 52.91439116001129, 46
71, 53.67031103372574, 29
72, 54.426230907440186, 42
73, 55.18215078115463, 38
74, 55.93807065486908, 50
75, 56.69399052858353, 48
76, 57.449910402297974, 37
77, 58.20583027601242, 33
78, 58.96175014972687, 39
79, 59.717670023441315, 42
80, 60.47358989715576, 31
81, 61.22950977087021, 33
82, 61.985429644584656, 37
83, 62.7413495182991, 35
84, 63.49726939201355, 41
85, 64.253189265728, 40
86, 65.00910913944244, 50
87, 65.76502901315689, 31
88, 66.52094888687134, 42
89, 67.27686876058578, 43
90, 68.03278863430023, 34
91, 68.78870850801468, 43
92, 69.54462838172913, 48
93, 70.30054825544357, 38
94, 71.05646812915802, 29
95, 71.81238800287247, 47
96, 72.56830787658691, 38
97, 73.32422775030136, 28
98, 74.08014762401581, 49
99, 74.83606749773026, 37
100, 75.5919873714447, 41
101, 76.34790724515915, 35
102, 77.1038271188736, 32
103, 77.85974699258804, 41
104, 78.61566686630249, 42
105, 79.37158674001694, 50
106, 80.12750661373138, 60
107, 80.88342648744583, 57
108, 81.63934636116028, 55
109, 82.39526623487473, 61
110, 83.15118610858917, 59
111, 83.90710598230362, 64
112, 84.66302585601807, 81
113, 85.41894572973251, 81
114, 86.17486560344696, 70
115, 86.93078547716141, 84
116, 87.68670535087585, 102
117, 88.4426252245903, 107
118, 89.19854509830475, 108
119, 89.9544649720192, 117
120, 90.71038484573364, 113
121, 91.46630471944809, 107
122, 92.22222459316254, 110
123, 92.97814446687698, 98
124, 93.73406434059143, 104
125, 94.48998421430588, 85
126, 95.24590408802032, 62
127, 96.00182396173477, 68
128, 96.75774383544922, 64
129, 97.51366370916367, 67
130, 98.26958358287811, 74
131, 99.02550345659256, 61
132, 99.781423330307, 64
133, 100.53734320402145, 50
134, 101.2932630777359, 72
135, 102.04918295145035, 53
136, 102.8051028251648, 69
137, 103.56102269887924, 55
138, 104.31694257259369, 50
139, 105.07286244630814, 63
140, 105.82878232002258, 54
141, 106.58470219373703, 72
142, 107.34062206745148, 61
143, 108.09654194116592, 45
144, 108.85246181488037, 49
145, 109.60838168859482, 52
146, 110.36430156230927, 46
147, 111.12022143602371, 48
148, 111.87614130973816, 42
149, 112.6320611834526, 37
150, 113.38798105716705, 38
151, 114.1439009308815, 45
152, 114.89982080459595, 42
153, 115.6557406783104, 29
154, 116.41166055202484, 41
155, 117.16758042573929, 36
156, 117.92350029945374, 49
157, 118.67942017316818, 38
158, 119.43534004688263, 50
159, 120.19125992059708, 34
160, 120.94717979431152, 34
161, 121.70309966802597, 38
162, 122.45901954174042, 46
163, 123.21493941545486, 45
164, 123.97085928916931, 43
165, 124.72677916288376, 38
166, 125.4826990365982, 43
167, 126.23861891031265, 34
168, 126.9945387840271, 31
169, 127.75045865774155, 34
170, 128.506378531456, 46
171, 129.26229840517044, 28
172, 130.0182182788849, 41
173, 130.77413815259933, 36
174, 131.53005802631378, 39
175, 132.28597790002823, 32
176, 133.04189777374268, 46
177, 133.79781764745712, 43
178, 134.55373752117157, 36
179, 135.30965739488602, 43
180, 136.06557726860046, 43
181, 136.8214971423149, 37
182, 137.57741701602936, 44
183, 138.3333368897438, 34
184, 139.08925676345825, 43
185, 139.8451766371727, 34
186, 140.60109651088715, 31
187, 141.3570163846016, 40
188, 142.11293625831604, 38
189, 142.8688561320305, 36
190, 143.62477600574493, 57
191, 144.38069587945938, 37
192, 145.13661575317383, 53
193, 145.89253562688828, 39
194, 146.64845550060272, 33
195, 147.40437537431717, 41
196, 148.16029524803162, 60
197, 148.91621512174606, 33
198, 149.6721349954605, 47
199, 150.42805486917496, 37
200, 151.1839747428894, 35
201, 151.93989461660385, 26
202, 152.6958144903183, 34
203, 153.45173436403275, 33
204, 154.2076542377472, 31
205, 154.96357411146164, 39
206, 155.7194939851761, 39
207, 156.47541385889053, 42
208, 157.23133373260498, 29
209, 157.98725360631943, 39
210, 158.74317348003387, 31
211, 159.49909335374832, 36
212, 160.25501322746277, 36
213, 161.01093310117722, 38
214, 161.76685297489166, 36
215, 162.5227728486061, 29
216, 163.27869272232056, 42
217, 164.034612596035, 46
218, 164.79053246974945, 38
219, 165.5464523434639, 36
220, 166.30237221717834, 35
221, 167.0582920908928, 43
222, 167.81421196460724, 45
223, 168.5701318383217, 39
224, 169.32605171203613, 37
225, 170.08197158575058, 34
226, 170.83789145946503, 45
227, 171.59381133317947, 36
228, 172.34973120689392, 35
229, 173.10565108060837, 40
230, 173.86157095432281, 29
231, 174.61749082803726, 42
232, 175.3734107017517, 48
233, 176.12933057546616, 43
234, 176.8852504491806, 36
235, 177.64117032289505, 47
236, 178.3970901966095, 42
237, 179.15301007032394, 38
238, 179.9089299440384, 39
239, 180.66484981775284, 60
240, 181.42076969146729, 41
241, 182.17668956518173, 39
242, 182.93260943889618, 41
243, 183.68852931261063, 34
244, 184.44444918632507, 44
245, 185.20036906003952, 50
246, 185.95628893375397, 46
247, 186.71220880746841, 48
248, 187.46812868118286, 46
249, 188.2240485548973, 40
250, 188.97996842861176, 40
251, 189.7358883023262, 46
252, 190.49180817604065, 40
253, 191.2477280497551, 47
254, 192.00364792346954, 42
255, 192.759567797184, 39
256, 193.51548767089844, 40
257, 194.27140754461288, 49
258, 195.02732741832733, 43
259, 195.78324729204178, 45
260, 196.53916716575623, 45
261, 197.29508703947067, 43
262, 198.05100691318512, 51
263, 198.80692678689957, 39
264, 199.562846660614, 53
265, 200.31876653432846, 45
266, 201.0746864080429, 50
267, 201.83060628175735, 46
268, 202.5865261554718, 57
269, 203.34244602918625, 52
270, 204.0983659029007, 49
271, 204.85428577661514, 43
272, 205.6102056503296, 51
273, 206.36612552404404, 56
274, 207.12204539775848, 43
275, 207.87796527147293, 41
276, 208.63388514518738, 41
277, 209.38980501890182, 43
278, 210.14572489261627, 47
279, 210.90164476633072, 48
280, 211.65756464004517, 58
281, 212.4134845137596, 45
282, 213.16940438747406, 49
283, 213.9253242611885, 52
284, 214.68124413490295, 55
285, 215.4371640086174, 54
286, 216.19308388233185, 34
287, 216.9490037560463, 55
288, 217.70492362976074, 46
289, 218.4608435034752, 47
290, 219.21676337718964, 48
291, 219.97268325090408, 57
292, 220.72860312461853, 42
293, 221.48452299833298, 56
294, 222.24044287204742, 48
295, 222.99636274576187, 42
296, 223.75228261947632, 44
297, 224.50820249319077, 48
298, 225.2641223669052, 50
299, 226.02004224061966, 39
300, 226.7759621143341, 35
301, 227.53188198804855, 30
302, 228.287801861763, 52
303, 229.04372173547745, 41
304, 229.7996416091919, 47
305, 230.55556148290634, 38
306, 231.3114813566208, 41
307, 232.06740123033524, 58
308, 232.82332110404968, 50
309, 233.57924097776413, 53
310, 234.33516085147858, 45
311, 235.09108072519302, 42
312, 235.84700059890747, 43
313, 236.60292047262192, 53
314, 237.35884034633636, 41
315, 238.1147602200508, 33
316, 238.87068009376526, 45
317, 239.6265999674797, 41
318, 240.38251984119415, 39
319, 241.1384397149086, 42
320, 241.89435958862305, 46
321, 242.6502794623375, 55
322, 243.40619933605194, 52
323, 244.1621192097664, 44
324, 244.91803908348083, 38
325, 245.67395895719528, 50
326, 246.42987883090973, 49
327, 247.18579870462418, 46
328, 247.94171857833862, 60
329, 248.69763845205307, 62
330, 249.45355832576752, 36
331, 250.20947819948196, 38
332, 250.9653980731964, 49
333, 251.72131794691086, 44
334, 252.4772378206253, 40
335, 253.23315769433975, 49
336, 253.9890775680542, 49
337, 254.74499744176865, 57
338, 255.5009173154831, 47
339, 256.25683718919754, 43
340, 257.012757062912, 49
341, 257.76867693662643, 46
342, 258.5245968103409, 45
343, 259.2805166840553, 62
344, 260.0364365577698, 40
345, 260.7923564314842, 35
346, 261.54827630519867, 44
347, 262.3041961789131, 36
348, 263.06011605262756, 47
349, 263.816035926342, 44
350, 264.57195580005646, 40
351, 265.3278756737709, 47
352, 266.08379554748535, 53
353, 266.8397154211998, 44
354, 267.59563529491425, 44
355, 268.3515551686287, 33
356, 269.10747504234314, 50
357, 269.8633949160576, 35
358, 270.61931478977203, 51
359, 271.3752346634865, 36
360, 272.1311545372009, 40
361, 272.8870744109154, 42
362, 273.6429942846298, 38
363, 274.39891415834427, 32
364, 275.1548340320587, 38
365, 275.91075390577316, 30
366, 276.6666737794876, 49
367, 277.42259365320206, 38
368, 278.1785135269165, 44
369, 278.93443340063095, 48
370, 279.6903532743454, 50
371, 280.44627314805984, 36
372, 281.2021930217743, 60
373, 281.95811289548874, 45
374, 282.7140327692032, 46
375, 283.46995264291763, 41
376, 284.2258725166321, 52
377, 284.9817923903465, 38
378, 285.737712264061, 38
379, 286.4936321377754, 40
380, 287.24955201148987, 45
381, 288.0054718852043, 44
382, 288.76139175891876, 34
383, 289.5173116326332, 42
384, 290.27323150634766, 45
385, 291.0291513800621, 43
386, 291.78507125377655, 51
387, 292.540991127491, 39
388, 293.29691100120544, 44
389, 294.0528308749199, 35
390, 294.80875074863434, 36
391, 295.5646706223488, 38
392, 296.32059049606323, 42
393, 297.0765103697777, 36
394, 297.8324302434921, 43
395, 298.5883501172066, 51
396, 299.344269990921, 37
397, 300.10018986463547, 43
398, 300.8561097383499, 37
399, 301.61202961206436, 34
400, 302.3679494857788, 36
401, 303.12386935949326, 38
402, 303.8797892332077, 40
403, 304.63570910692215, 53
404, 305.3916289806366, 35
405, 306.14754885435104, 43
406, 306.9034687280655, 48
407, 307.65938860177994, 45
408, 308.4153084754944, 45
409, 309.17122834920883, 41
410, 309.9271482229233, 51
411, 310.6830680966377, 40
412, 311.4389879703522, 28
413, 312.1949078440666, 46
414, 312.95082771778107, 54
415, 313.7067475914955, 44
416, 314.46266746520996, 53
417, 315.2185873389244, 49
418, 315.97450721263885, 42
419, 316.7304270863533, 41
420, 317.48634696006775, 40
421, 318.2422668337822, 36
422, 318.99818670749664, 38
423, 319.7541065812111, 37
424, 320.51002645492554, 40
425, 321.26594632864, 36
426, 322.02186620235443, 36
427, 322.7777860760689, 31
428, 323.5337059497833, 35
429, 324.2896258234978, 36
430, 325.0455456972122, 48
431, 325.80146557092667, 51
432, 326.5573854446411, 37
433, 327.31330531835556, 38
434, 328.06922519207, 41
435, 328.82514506578445, 43
436, 329.5810649394989, 51
437, 330.33698481321335, 44
438, 331.0929046869278, 42
439, 331.84882456064224, 42
440, 332.6047444343567, 45
441, 333.36066430807114, 35
442, 334.1165841817856, 34
443, 334.87250405550003, 57
444, 335.6284239292145, 45
445, 336.3843438029289, 33
446, 337.1402636766434, 40
447, 337.8961835503578, 40
448, 338.65210342407227, 44
449, 339.4080232977867, 43
450, 340.16394317150116, 35
451, 340.9198630452156, 55
452, 341.67578291893005, 42
453, 342.4317027926445, 43
454, 343.18762266635895, 34
455, 343.9435425400734, 44
456, 344.69946241378784, 52
457, 345.4553822875023, 56
458, 346.21130216121674, 46
459, 346.9672220349312, 37
460, 347.72314190864563, 39
461, 348.4790617823601, 43
462, 349.2349816560745, 56
463, 349.99090152978897, 25
464, 350.7468214035034, 45
465, 351.50274127721786, 49
466, 352.2586611509323, 34
467, 353.01458102464676, 39
468, 353.7705008983612, 35
469, 354.52642077207565, 49
470, 355.2823406457901, 34
471, 356.03826051950455, 33
472, 356.794180393219, 45
473, 357.55010026693344, 41
474, 358.3060201406479, 31
475, 359.06194001436234, 39
476, 359.8178598880768, 37
477, 360.57377976179123, 38
478, 361.3296996355057, 29
479, 362.0856195092201, 55
480, 362.84153938293457, 38
481, 363.597459256649, 39
482, 364.35337913036346, 40
483, 365.1092990040779, 36
484, 365.86521887779236, 38
485, 366.6211387515068, 40
486, 367.37705862522125, 36
487, 368.1329784989357, 35
488, 368.88889837265015, 46
489, 369.6448182463646, 42
490, 370.40073812007904, 37
491, 371.1566579937935, 41
492, 371.91257786750793, 50
493, 372.6684977412224, 35
494, 373.42441761493683, 40
495, 374.1803374886513, 49
496, 374.9362573623657, 42
497, 375.69217723608017, 35
498, 376.4480971097946, 30
499, 377.20401698350906, 34
500, 377.9599368572235, 35
501, 378.71585673093796, 34
502, 379.4717766046524, 43
503, 380.22769647836685, 36
504, 380.9836163520813, 45
505, 381.73953622579575, 53
506, 382.4954560995102, 50
507, 383.25137597322464, 37
508, 384.0072958469391, 45
509, 384.76321572065353, 44
510, 385.519135594368, 38
511, 386.2750554680824, 39
512, 387.0309753417969, 38
513, 387.7868952155113, 41
514, 388.54281508922577, 38
515, 389.2987349629402, 39
516, 390.05465483665466, 38
517, 390.8105747103691, 50
518, 391.56649458408356, 63
519, 392.322414457798, 40
520, 393.07833433151245, 35
521, 393.8342542052269, 25
522, 394.59017407894135, 59
523, 395.3460939526558, 36
524, 396.10201382637024, 37
525, 396.8579337000847, 45
526, 397.61385357379913, 45
527, 398.3697734475136, 37
528, 399.125693321228, 42
529, 399.8816131949425, 37
530, 400.6375330686569, 37
531, 401.39345294237137, 32
532, 402.1493728160858, 39
533, 402.90529268980026, 37
534, 403.6612125635147, 42
535, 404.41713243722916, 43
536, 405.1730523109436, 30
537, 405.92897218465805, 46
538, 406.6848920583725, 52
539, 407.44081193208694, 41
540, 408.1967318058014, 49
541, 408.95265167951584, 37
542, 409.7085715532303, 39
543, 410.46449142694473, 46
544, 411.2204113006592, 50
545, 411.9763311743736, 43
546, 412.7322510480881, 42
547, 413.4881709218025, 31
548, 414.24409079551697, 46
549, 415.0000106692314, 30
550, 415.75593054294586, 46
551, 416.5118504166603, 42
552, 417.26777029037476, 54
553, 418.0236901640892, 48
554, 418.77961003780365, 48
555, 419.5355299115181, 41
556, 420.29144978523254, 38
557, 421.047369658947, 40
558, 421.80328953266144, 43
559, 422.5592094063759, 53
560, 423.31512928009033, 45
561, 424.0710491538048, 50
562, 424.8269690275192, 39
563, 425.5828889012337, 41
564, 426.3388087749481, 49
565, 427.09472864866257, 39
566, 427.850648522377, 27
567, 428.60656839609146, 42
568, 429.3624882698059, 41
569, 430.11840814352036, 34
570, 430.8743280172348, 51
571, 431.63024789094925, 51
572, 432.3861677646637, 46
573, 433.14208763837814, 39
574, 433.8980075120926, 53
575, 434.65392738580704, 35
576, 435.4098472595215, 44
577, 436.16576713323593, 43
578, 436.9216870069504, 39
579, 437.6776068806648, 36
580, 438.4335267543793, 36
581, 439.1894466280937, 41
582, 439.94536650180817, 41
583, 440.7012863755226, 41
584, 441.45720624923706, 45
585, 442.2131261229515, 52
586, 442.96904599666595, 52
587, 443.7249658703804, 39
588, 444.48088574409485, 32
589, 445.2368056178093, 52
590, 445.99272549152374, 38
591, 446.7486453652382, 40
592, 447.50456523895264, 54
593, 448.2604851126671, 38
594, 449.01640498638153, 42
595, 449.772324860096, 30
596, 450.5282447338104, 39
597, 451.2841646075249, 46
598, 452.0400844812393, 39
599, 452.79600435495377, 35
600, 453.5519242286682, 43
601, 454.30784410238266, 31
602, 455.0637639760971, 41
603, 455.81968384981155, 29
604, 456.575603723526, 39
605, 457.33152359724045, 37
606, 458.0874434709549, 49
607, 458.84336334466934, 28
608, 459.5992832183838, 44
609, 460.35520309209824, 29
610, 461.1111229658127, 37
611, 461.86704283952713, 55
612, 462.6229627132416, 38
613, 463.378882586956, 38
614, 464.13480246067047, 46
615, 464.8907223343849, 57
616, 465.64664220809937, 40
617, 466.4025620818138, 36
618, 467.15848195552826, 39
619, 467.9144018292427, 34
620, 468.67032170295715, 32
621, 469.4262415766716, 40
622, 470.18216145038605, 41
623, 470.9380813241005, 49
624, 471.69400119781494, 42
625, 472.4499210715294, 37
626, 473.20584094524384, 29
627, 473.9617608189583, 33
628, 474.71768069267273, 40
629, 475.4736005663872, 38
630, 476.2295204401016, 42
631, 476.98544031381607, 48
632, 477.7413601875305, 34
633, 478.49728006124496, 51
634, 479.2531999349594, 44
635, 480.00911980867386, 42
636, 480.7650396823883, 47
637, 481.52095955610275, 32
638, 482.2768794298172, 25
639, 483.03279930353165, 43
640, 483.7887191772461, 40
641, 484.54463905096054, 41
642, 485.300558924675, 29
643, 486.05647879838943, 39
644, 486.8123986721039, 38
645, 487.56831854581833, 38
646, 488.3242384195328, 36
647, 489.0801582932472, 45
648, 489.83607816696167, 42
649, 490.5919980406761, 36
650, 491.34791791439056, 32
651, 492.103837788105, 43
652, 492.85975766181946, 34
653, 493.6156775355339, 37
654, 494.37159740924835, 49
655, 495.1275172829628, 34
656, 495.88343715667725, 37
657, 496.6393570303917, 27
658, 497.39527690410614, 41
659, 498.1511967778206, 18
660, 498.90711665153503, 38
661, 499.6630365252495, 43
662, 500.4189563989639, 33
663, 501.1748762726784, 29
664, 501.9307961463928, 32
665, 502.68671602010727, 30
666, 503.4426358938217, 33
667, 504.19855576753616, 26
668, 504.9544756412506, 32
669, 505.71039551496506, 29
670, 506.4663153886795, 25
671, 507.22223526239395, 37
672, 507.9781551361084, 28
673, 508.73407500982285, 24
674, 509.4899948835373, 26
675, 510.24591475725174, 27
676, 511.0018346309662, 28
677, 511.75775450468063, 32
678, 512.5136743783951, 23
679, 513.2695942521095, 27
680, 514.025514125824, 25
681, 514.7814339995384, 25
682, 515.5373538732529, 24
683, 516.2932737469673, 27
684, 517.0491936206818, 28
685, 517.8051134943962, 18
686, 518.5610333681107, 25
687, 519.3169532418251, 18
688, 520.0728731155396, 25
689, 520.828792989254, 26
690, 521.5847128629684, 18
691, 522.3406327366829, 21
692, 523.0965526103973, 22
693, 523.8524724841118, 30
694, 524.6083923578262, 28
695, 525.3643122315407, 31
696, 526.1202321052551, 28
697, 526.8761519789696, 29
698, 527.632071852684, 23
699, 528.3879917263985, 22
700, 529.1439116001129, 14
701, 529.8998314738274, 18
702, 530.6557513475418, 22
703, 531.4116712212563, 27
704, 532.1675910949707, 23
705, 532.9235109686852, 23
706, 533.6794308423996, 21
707, 534.435350716114, 18
708, 535.1912705898285, 26
709, 535.9471904635429, 23
710, 536.7031103372574, 22
711, 537.4590302109718, 27
712, 538.2149500846863, 25
713, 538.9708699584007, 24
714, 539.7267898321152, 23
715, 540.4827097058296, 27
716, 541.2386295795441, 25
717, 541.9945494532585, 21
718, 542.750469326973, 23
719, 543.5063892006874, 26
720, 544.2623090744019, 27
721, 545.0182289481163, 18
722, 545.7741488218307, 28
723, 546.5300686955452, 32
724, 547.2859885692596, 19
725, 548.0419084429741, 19
726, 548.7978283166885, 18
727, 549.553748190403, 23
728, 550.3096680641174, 17
729, 551.0655879378319, 25
730, 551.8215078115463, 19
731, 552.5774276852608, 14
732, 553.3333475589752, 10
733, 554.0892674326897, 21
734, 554.8451873064041, 27
735, 555.6011071801186, 29
736, 556.357027053833, 20
737, 557.1129469275475, 25
738, 557.8688668012619, 20
739, 558.6247866749763, 32
740, 559.3807065486908, 23
741, 560.1366264224052, 17
742, 560.8925462961197, 22
743, 561.6484661698341, 16
744, 562.4043860435486, 23
745, 563.160305917263, 26
746, 563.9162257909775, 16
747, 564.6721456646919, 28
748, 565.4280655384064, 27
749, 566.1839854121208, 19
750, 566.9399052858353, 29
751, 567.6958251595497, 26
752, 568.4517450332642, 31
753, 569.2076649069786, 20
754, 569.963584780693, 22
755, 570.7195046544075, 29
756, 571.475424528122, 15
757, 572.2313444018364, 23
758, 572.9872642755508, 23
759, 573.7431841492653, 21
760, 574.4991040229797, 25
761, 575.2550238966942, 23
762, 576.0109437704086, 23
763, 576.7668636441231, 24
764, 577.5227835178375, 23
765, 578.278703391552, 22
766, 579.0346232652664, 28
767, 579.7905431389809, 26
768, 580.5464630126953, 24
769, 581.3023828864098, 30
770, 582.0583027601242, 26
771, 582.8142226338387, 27
772, 583.5701425075531, 32
773, 584.3260623812675, 16
774, 585.081982254982, 20
775, 585.8379021286964, 23
776, 586.5938220024109, 24
777, 587.3497418761253, 24
778, 588.1056617498398, 33
779, 588.8615816235542, 21
780, 589.6175014972687, 26
781, 590.3734213709831, 16
782, 591.1293412446976, 17
783, 591.885261118412, 27
784, 592.6411809921265, 18
785, 593.3971008658409, 20
786, 594.1530207395554, 17
787, 594.9089406132698, 32
788, 595.6648604869843, 33
789, 596.4207803606987, 30
790, 597.1767002344131, 33
791, 597.9326201081276, 22
792, 598.688539981842, 26
793, 599.4444598555565, 18
794, 600.2003797292709, 24
795, 600.9562996029854, 22
796, 601.7122194766998, 25
797, 602.4681393504143, 27
798, 603.2240592241287, 34
799, 603.9799790978432, 34
800, 604.7358989715576, 26
801, 605.4918188452721, 31
802, 606.2477387189865, 26
803, 607.003658592701, 27
804, 607.7595784664154, 23
805, 608.5154983401299, 32
806, 609.2714182138443, 27
807, 610.0273380875587, 25
808, 610.7832579612732, 28
809, 611.5391778349876, 30
810, 612.2950977087021, 27
811, 613.0510175824165, 34
812, 613.806937456131, 26
813, 614.5628573298454, 29
814, 615.3187772035599, 31
815, 616.0746970772743, 39
816, 616.8306169509888, 37
817, 617.5865368247032, 26
818, 618.3424566984177, 27
819, 619.0983765721321, 40
820, 619.8542964458466, 34
821, 620.610216319561, 35
822, 621.3661361932755, 38
823, 622.1220560669899, 32
824, 622.8779759407043, 38
825, 623.6338958144188, 31
826, 624.3898156881332, 29
827, 625.1457355618477, 25
828, 625.9016554355621, 27
829, 626.6575753092766, 27
830, 627.413495182991, 28
831, 628.1694150567055, 37
832, 628.9253349304199, 43
833, 629.6812548041344, 36
834, 630.4371746778488, 37
835, 631.1930945515633, 32
836, 631.9490144252777, 39
837, 632.7049342989922, 35
838, 633.4608541727066, 27
839, 634.216774046421, 31
840, 634.9726939201355, 41
841, 635.72861379385, 33
842, 636.4845336675644, 26
843, 637.2404535412788, 37
844, 637.9963734149933, 38
845, 638.7522932887077, 28
846, 639.5082131624222, 43
847, 640.2641330361366, 32
848, 641.0200529098511, 36
849, 641.7759727835655, 43
850, 642.53189265728, 40
851, 643.2878125309944, 30
852, 644.0437324047089, 31
853, 644.7996522784233, 34
854, 645.5555721521378, 32
855, 646.3114920258522, 27
856, 647.0674118995667, 43
857, 647.8233317732811, 35
858, 648.5792516469955, 40
859, 649.33517152071, 31
860, 650.0910913944244, 44
861, 650.8470112681389, 38
862, 651.6029311418533, 43
863, 652.3588510155678, 34
864, 653.1147708892822, 47
865, 653.8706907629967, 36
866, 654.6266106367111, 57
867, 655.3825305104256, 56
868, 656.13845038414, 52
869, 656.8943702578545, 38
870, 657.6502901315689, 45
871, 658.4062100052834, 50
872, 659.1621298789978, 57
873, 659.9180497527122, 58
874, 660.6739696264267, 50
875, 661.4298895001411, 58
876, 662.1858093738556, 48
877, 662.94172924757, 59
878, 663.6976491212845, 69
879, 664.4535689949989, 73
880, 665.2094888687134, 55
881, 665.9654087424278, 58
882, 666.7213286161423, 73
883, 667.4772484898567, 77
884, 668.2331683635712, 68
885, 668.9890882372856, 77
886, 669.7450081110001, 82
887, 670.5009279847145, 74
888, 671.256847858429, 84
889, 672.0127677321434, 101
890, 672.7686876058578, 97
891, 673.5246074795723, 83
892, 674.2805273532867, 73
893, 675.0364472270012, 93
894, 675.7923671007156, 99
895, 676.5482869744301, 100
896, 677.3042068481445, 109
897, 678.060126721859, 109
898, 678.8160465955734, 92
899, 679.5719664692879, 105
900, 680.3278863430023, 109
901, 681.0838062167168, 135
902, 681.8397260904312, 139
903, 682.5956459641457, 130
904, 683.3515658378601, 140
905, 684.1074857115746, 138
906, 684.863405585289, 117
907, 685.6193254590034, 127
908, 686.3752453327179, 136
909, 687.1311652064323, 159
910, 687.8870850801468, 169
911, 688.6430049538612, 157
912, 689.3989248275757, 170
913, 690.1548447012901, 153
914, 690.9107645750046, 189
915, 691.666684448719, 148
916, 692.4226043224335, 173
917, 693.1785241961479, 173
918, 693.9344440698624, 175
919, 694.6903639435768, 205
920, 695.4462838172913, 193
921, 696.2022036910057, 175
922, 696.9581235647202, 184
923, 697.7140434384346, 200
924, 698.469963312149, 192
925, 699.2258831858635, 177
926, 699.9818030595779, 197
927, 700.7377229332924, 206
928, 701.4936428070068, 188
929, 702.2495626807213, 204
930, 703.0054825544357, 196
931, 703.7614024281502, 196
932, 704.5173223018646, 204
933, 705.2732421755791, 202
934, 706.0291620492935, 207
935, 706.785081923008, 211
936, 707.5410017967224, 210
937, 708.2969216704369, 184
938, 709.0528415441513, 184
939, 709.8087614178658, 194
940, 710.5646812915802, 215
941, 711.3206011652946, 192
942, 712.0765210390091, 177
943, 712.8324409127235, 195
944, 713.588360786438, 204
945, 714.3442806601524, 170
946, 715.1002005338669, 180
947, 715.8561204075813, 190
948, 716.6120402812958, 174
949, 717.3679601550102, 159
950, 718.1238800287247, 187
951, 718.8797999024391, 161
952, 719.6357197761536, 150
953, 720.391639649868, 146
954, 721.1475595235825, 152
955, 721.9034793972969, 161
956, 722.6593992710114, 135
957, 723.4153191447258, 119
958, 724.1712390184402, 137
959, 724.9271588921547, 122
960, 725.6830787658691, 122
961, 726.4389986395836, 135
962, 727.194918513298, 120
963, 727.9508383870125, 112
964, 728.7067582607269, 94
965, 729.4626781344414, 80
966, 730.2185980081558, 90
967, 730.9745178818703, 80
968, 731.7304377555847, 91
969, 732.4863576292992, 71
970, 733.2422775030136, 72
971, 733.9981973767281, 66
972, 734.7541172504425, 71
973, 735.510037124157, 62
974, 736.2659569978714, 66
975, 737.0218768715858, 61
976, 737.7777967453003, 49
977, 738.5337166190147, 52
978, 739.2896364927292, 48
979, 740.0455563664436, 29
980, 740.8014762401581, 38
981, 741.5573961138725, 42
982, 742.313315987587, 42
983, 743.0692358613014, 29
984, 743.8251557350159, 37
985, 744.5810756087303, 32
986, 745.3369954824448, 29
987, 746.0929153561592, 27
988, 746.8488352298737, 19
989, 747.6047551035881, 6
990, 748.3606749773026, 29
991, 749.116594851017, 17
992, 749.8725147247314, 18
993, 750.6284345984459, 12
994, 751.3843544721603, 13
995, 752.1402743458748, 13
996, 752.8961942195892, 11
997, 753.6521140933037, 10
998, 754.4080339670181, 8
999, 755.1639538407326, 4
1000, 755.919873714447, 11
1001, 756.6757935881615, 14
1002, 757.4317134618759, 6
1003, 758.1876333355904, 4
1004, 758.9435532093048, 4
1005, 759.6994730830193, 5
1006, 760.4553929567337, 4
1007, 761.2113128304482, 2
1008, 761.9672327041626, 6
1009, 762.723152577877, 3
1010, 763.4790724515915, 5
1011, 764.2349923253059, 1
1012, 764.9909121990204, 0
1013, 765.7468320727348, 0
1014, 766.5027519464493, 2
1015, 767.2586718201637, 0
1016, 768.0145916938782, 1
1017, 768.7705115675926, 1
1018, 769.5264314413071, 2
1019, 770.2823513150215, 1
1020, 771.038271188736, 1
1021, 771.7941910624504, 3
1022, 772.5501109361649, 1
1023, 773.3060308098793, 1
1024, 774.0619506835938, 1
