Start Time, Sun Mar 25 09:56:03 GMT-0400 2007
Energy calibration,  Offset: 0, Slope: 0.755919873714447, Quadratic: 0
Live Time (s), 299.891636
Real Time (s), 300
Elapsed Computational, 0
Spectrum
Channel, Energy (keV), Counts
1, 0.755919873714447, 0
2, 1.511839747428894, 0
3, 2.267759621143341, 0
4, 3.023679494857788, 0
5, 3.779599368572235, 0
6, 4.535519242286682, 0
7, 5.291439116001129, 0
8, 6.047358989715576, 0
9, 6.803278863430023, 0
10, 7.55919873714447, 18
11, 8.315118610858917, 22
12, 9.071038484573364, 21
13, 9.826958358287811, 23
14, 10.582878232002258, 19
15, 11.338798105716705, 21
16, 12.094717979431152, 17
17, 12.8506378531456, 19
18, 13.606557726860046, 26
19, 14.362477600574493, 23
20, 15.11839747428894, 23
21, 15.874317348003387, 21
22, 16.630237221717834, 24
23, 17.38615709543228, 20
24, 18.14207696914673, 24
25, 18.897996842861176, 26
26, 19.653916716575623, 25
27, 20.40983659029007, 34
28, 21.165756464004517, 21
29, 21.921676337718964, 29
30, 22.67759621143341, 26
31, 23.433516085147858, 43
32, 24.189435958862305, 30
33, 24.94535583257675, 37
34, 25.7012757062912, 39
35, 26.457195580005646, 14
36, 27.213115453720093, 22
37, 27.96903532743454, 29
38, 28.724955201148987, 31
39, 29.480875074863434, 20
40, 30.23679494857788, 36
41, 30.992714822292328, 36
42, 31.748634696006775, 35
43, 32.50455456972122, 39
44, 33.26047444343567, 47
45, 34.016394317150116, 47
46, 34.77231419086456, 55
47, 35.52823406457901, 59
48, 36.28415393829346, 67
49, 37.040073812007904, 57
50, 37.79599368572235, 72
51, 38.5519135594368, 89
52, 39.307833433151245, 86
53, 40.06375330686569, 65
54, 40.81967318058014, 79
55, 41.575593054294586, 68
56, 42.33151292800903, 69
57, 43.08743280172348, 88
58, 43.84335267543793, 64
59, 44.599272549152374, 93
60, 45.35519242286682, 67
61, 46.11111229658127, 59
62, 46.867032170295715, 88
63, 47.62295204401016, 80
64, 48.37887191772461, 84
65, 49.134791791439056, 89
66, 49.8907116651535, 81
67, 50.64663153886795, 74
68, 51.4025514125824, 90
69, 52.158471286296844, 72
70, 52.91439116001129, 81
71, 53.67031103372574, 83
72, 54.426230907440186, 84
73, 55.18215078115463, 80
74, 55.93807065486908, 84
75, 56.69399052858353, 79
76, 57.449910402297974, 87
77, 58.20583027601242, 83
78, 58.96175014972687, 80
79, 59.717670023441315, 86
80, 60.47358989715576, 81
81, 61.22950977087021, 93
82, 61.985429644584656, 80
83, 62.7413495182991, 82
84, 63.49726939201355, 67
85, 64.253189265728, 82
86, 65.00910913944244, 67
87, 65.76502901315689, 93
88, 66.52094888687134, 79
89, 67.27686876058578, 78
90, 68.03278863430023, 79
91, 68.78870850801468, 75
92, 69.54462838172913, 78
93, 70.30054825544357, 87
94, 71.05646812915802, 71
95, 71.81238800287247, 77
96, 72.56830787658691, 96
97, 73.32422775030136, 59
98, 74.08014762401581, 71
99, 74.83606749773026, 72
100, 75.5919873714447, 54
101, 76.34790724515915, 71
102, 77.1038271188736, 80
103, 77.85974699258804, 67
104, 78.61566686630249, 58
105, 79.37158674001694, 56
106, 80.12750661373138, 62
107, 80.88342648744583, 67
108, 81.63934636116028, 45
109, 82.39526623487473, 81
110, 83.15118610858917, 52
111, 83.90710598230362, 59
112, 84.66302585601807, 66
113, 85.41894572973251, 72
114, 86.17486560344696, 64
115, 86.93078547716141, 71
116, 87.68670535087585, 46
117, 88.4426252245903, 69
118, 89.19854509830475, 50
119, 89.9544649720192, 56
120, 90.71038484573364, 53
121, 91.46630471944809, 53
122, 92.22222459316254, 67
123, 92.97814446687698, 54
124, 93.73406434059143, 56
125, 94.48998421430588, 71
126, 95.24590408802032, 49
127, 96.00182396173477, 55
128, 96.75774383544922, 71
129, 97.51366370916367, 50
130, 98.26958358287811, 53
131, 99.02550345659256, 46
132, 99.781423330307, 65
133, 100.53734320402145, 56
134, 101.2932630777359, 50
135, 102.04918295145035, 59
136, 102.8051028251648, 56
137, 103.56102269887924, 43
138, 104.31694257259369, 44
139, 105.07286244630814, 41
140, 105.82878232002258, 62
141, 106.58470219373703, 48
142, 107.34062206745148, 59
143, 108.09654194116592, 62
144, 108.85246181488037, 52
145, 109.60838168859482, 45
146, 110.36430156230927, 50
147, 111.12022143602371, 51
148, 111.87614130973816, 44
149, 112.6320611834526, 48
150, 113.38798105716705, 53
151, 114.1439009308815, 36
152, 114.89982080459595, 50
153, 115.6557406783104, 42
154, 116.41166055202484, 61
155, 117.16758042573929, 46
156, 117.92350029945374, 58
157, 118.67942017316818, 44
158, 119.43534004688263, 40
159, 120.19125992059708, 45
160, 120.94717979431152, 41
161, 121.70309966802597, 36
162, 122.45901954174042, 35
163, 123.21493941545486, 39
164, 123.97085928916931, 48
165, 124.72677916288376, 55
166, 125.4826990365982, 42
167, 126.23861891031265, 30
168, 126.9945387840271, 28
169, 127.75045865774155, 45
170, 128.506378531456, 34
171, 129.26229840517044, 29
172, 130.0182182788849, 39
173, 130.77413815259933, 27
174, 131.53005802631378, 33
175, 132.28597790002823, 34
176, 133.04189777374268, 37
177, 133.79781764745712, 50
178, 134.55373752117157, 27
179, 135.30965739488602, 33
180, 136.06557726860046, 39
181, 136.8214971423149, 36
182, 137.57741701602936, 38
183, 138.3333368897438, 35
184, 139.08925676345825, 25
185, 139.8451766371727, 32
186, 140.60109651088715, 37
187, 141.3570163846016, 44
188, 142.11293625831604, 22
189, 142.8688561320305, 36
190, 143.62477600574493, 28
191, 144.38069587945938, 38
192, 145.13661575317383, 36
193, 145.89253562688828, 31
194, 146.64845550060272, 41
195, 147.40437537431717, 29
196, 148.16029524803162, 32
197, 148.91621512174606, 33
198, 149.6721349954605, 34
199, 150.42805486917496, 29
200, 151.1839747428894, 29
201, 151.93989461660385, 18
202, 152.6958144903183, 17
203, 153.45173436403275, 33
204, 154.2076542377472, 18
205, 154.96357411146164, 24
206, 155.7194939851761, 31
207, 156.47541385889053, 27
208, 157.23133373260498, 21
209, 157.98725360631943, 21
210, 158.74317348003387, 21
211, 159.49909335374832, 28
212, 160.25501322746277, 26
213, 161.01093310117722, 16
214, 161.76685297489166, 32
215, 162.5227728486061, 23
216, 163.27869272232056, 25
217, 164.034612596035, 16
218, 164.79053246974945, 25
219, 165.5464523434639, 28
220, 166.30237221717834, 22
221, 167.0582920908928, 19
222, 167.81421196460724, 8
223, 168.5701318383217, 14
224, 169.32605171203613, 17
225, 170.08197158575058, 28
226, 170.83789145946503, 20
227, 171.59381133317947, 23
228, 172.34973120689392, 23
229, 173.10565108060837, 22
230, 173.86157095432281, 8
231, 174.61749082803726, 14
232, 175.3734107017517, 16
233, 176.12933057546616, 17
234, 176.8852504491806, 15
235, 177.64117032289505, 22
236, 178.3970901966095, 17
237, 179.15301007032394, 13
238, 179.9089299440384, 11
239, 180.66484981775284, 19
240, 181.42076969146729, 18
241, 182.17668956518173, 20
242, 182.93260943889618, 14
243, 183.68852931261063, 12
244, 184.44444918632507, 16
245, 185.20036906003952, 9
246, 185.95628893375397, 13
247, 186.71220880746841, 12
248, 187.46812868118286, 20
249, 188.2240485548973, 10
250, 188.97996842861176, 17
251, 189.7358883023262, 17
252, 190.49180817604065, 12
253, 191.2477280497551, 12
254, 192.00364792346954, 16
255, 192.759567797184, 15
256, 193.51548767089844, 16
257, 194.27140754461288, 19
258, 195.02732741832733, 14
259, 195.78324729204178, 18
260, 196.53916716575623, 13
261, 197.29508703947067, 14
262, 198.05100691318512, 16
263, 198.80692678689957, 13
264, 199.562846660614, 8
265, 200.31876653432846, 12
266, 201.0746864080429, 17
267, 201.83060628175735, 15
268, 202.5865261554718, 9
269, 203.34244602918625, 12
270, 204.0983659029007, 13
271, 204.85428577661514, 9
272, 205.6102056503296, 11
273, 206.36612552404404, 11
274, 207.12204539775848, 13
275, 207.87796527147293, 14
276, 208.63388514518738, 12
277, 209.38980501890182, 10
278, 210.14572489261627, 15
279, 210.90164476633072, 15
280, 211.65756464004517, 14
281, 212.4134845137596, 10
282, 213.16940438747406, 11
283, 213.9253242611885, 8
284, 214.68124413490295, 14
285, 215.4371640086174, 11
286, 216.19308388233185, 8
287, 216.9490037560463, 10
288, 217.70492362976074, 11
289, 218.4608435034752, 18
290, 219.21676337718964, 17
291, 219.97268325090408, 9
292, 220.72860312461853, 16
293, 221.48452299833298, 12
294, 222.24044287204742, 19
295, 222.99636274576187, 17
296, 223.75228261947632, 13
297, 224.50820249319077, 11
298, 225.2641223669052, 13
299, 226.02004224061966, 24
300, 226.7759621143341, 21
301, 227.53188198804855, 20
302, 228.287801861763, 23
303, 229.04372173547745, 24
304, 229.7996416091919, 32
305, 230.55556148290634, 31
306, 231.3114813566208, 44
307, 232.06740123033524, 42
308, 232.82332110404968, 50
309, 233.57924097776413, 58
310, 234.33516085147858, 38
311, 235.09108072519302, 62
312, 235.84700059890747, 46
313, 236.60292047262192, 51
314, 237.35884034633636, 65
315, 238.1147602200508, 70
316, 238.87068009376526, 71
317, 239.6265999674797, 73
318, 240.38251984119415, 78
319, 241.1384397149086, 72
320, 241.89435958862305, 85
321, 242.6502794623375, 78
322, 243.40619933605194, 66
323, 244.1621192097664, 81
324, 244.91803908348083, 71
325, 245.67395895719528, 71
326, 246.42987883090973, 55
327, 247.18579870462418, 66
328, 247.94171857833862, 47
329, 248.69763845205307, 53
330, 249.45355832576752, 56
331, 250.20947819948196, 66
332, 250.9653980731964, 43
333, 251.72131794691086, 44
334, 252.4772378206253, 38
335, 253.23315769433975, 42
336, 253.9890775680542, 32
337, 254.74499744176865, 24
338, 255.5009173154831, 26
339, 256.25683718919754, 30
340, 257.012757062912, 16
341, 257.76867693662643, 14
342, 258.5245968103409, 16
343, 259.2805166840553, 8
344, 260.0364365577698, 8
345, 260.7923564314842, 11
346, 261.54827630519867, 12
347, 262.3041961789131, 12
348, 263.06011605262756, 14
349, 263.816035926342, 16
350, 264.57195580005646, 6
351, 265.3278756737709, 9
352, 266.08379554748535, 8
353, 266.8397154211998, 5
354, 267.59563529491425, 9
355, 268.3515551686287, 10
356, 269.10747504234314, 14
357, 269.8633949160576, 6
358, 270.61931478977203, 10
359, 271.3752346634865, 9
360, 272.1311545372009, 11
361, 272.8870744109154, 6
362, 273.6429942846298, 13
363, 274.39891415834427, 8
364, 275.1548340320587, 9
365, 275.91075390577316, 5
366, 276.6666737794876, 9
367, 277.42259365320206, 10
368, 278.1785135269165, 12
369, 278.93443340063095, 10
370, 279.6903532743454, 11
371, 280.44627314805984, 4
372, 281.2021930217743, 9
373, 281.95811289548874, 14
374, 282.7140327692032, 10
375, 283.46995264291763, 11
376, 284.2258725166321, 7
377, 284.9817923903465, 10
378, 285.737712264061, 8
379, 286.4936321377754, 6
380, 287.24955201148987, 10
381, 288.0054718852043, 6
382, 288.76139175891876, 8
383, 289.5173116326332, 10
384, 290.27323150634766, 6
385, 291.0291513800621, 11
386, 291.78507125377655, 9
387, 292.540991127491, 10
388, 293.29691100120544, 16
389, 294.0528308749199, 10
390, 294.80875074863434, 6
391, 295.5646706223488, 8
392, 296.32059049606323, 8
393, 297.0765103697777, 7
394, 297.8324302434921, 7
395, 298.5883501172066, 8
396, 299.344269990921, 12
397, 300.10018986463547, 7
398, 300.8561097383499, 10
399, 301.61202961206436, 3
400, 302.3679494857788, 7
401, 303.12386935949326, 5
402, 303.8797892332077, 7
403, 304.63570910692215, 6
404, 305.3916289806366, 10
405, 306.14754885435104, 9
406, 306.9034687280655, 7
407, 307.65938860177994, 5
408, 308.4153084754944, 8
409, 309.17122834920883, 9
410, 309.9271482229233, 6
411, 310.6830680966377, 8
412, 311.4389879703522, 7
413, 312.1949078440666, 5
414, 312.95082771778107, 4
415, 313.7067475914955, 9
416, 314.46266746520996, 10
417, 315.2185873389244, 7
418, 315.97450721263885, 5
419, 316.7304270863533, 4
420, 317.48634696006775, 10
421, 318.2422668337822, 3
422, 318.99818670749664, 1
423, 319.7541065812111, 3
424, 320.51002645492554, 6
425, 321.26594632864, 7
426, 322.02186620235443, 11
427, 322.7777860760689, 9
428, 323.5337059497833, 4
429, 324.2896258234978, 7
430, 325.0455456972122, 8
431, 325.80146557092667, 3
432, 326.5573854446411, 4
433, 327.31330531835556, 11
434, 328.06922519207, 6
435, 328.82514506578445, 5
436, 329.5810649394989, 5
437, 330.33698481321335, 11
438, 331.0929046869278, 8
439, 331.84882456064224, 5
440, 332.6047444343567, 6
441, 333.36066430807114, 9
442, 334.1165841817856, 7
443, 334.87250405550003, 5
444, 335.6284239292145, 9
445, 336.3843438029289, 6
446, 337.1402636766434, 9
447, 337.8961835503578, 7
448, 338.65210342407227, 8
449, 339.4080232977867, 5
450, 340.16394317150116, 3
451, 340.9198630452156, 7
452, 341.67578291893005, 7
453, 342.4317027926445, 6
454, 343.18762266635895, 7
455, 343.9435425400734, 4
456, 344.69946241378784, 6
457, 345.4553822875023, 8
458, 346.21130216121674, 2
459, 346.9672220349312, 2
460, 347.72314190864563, 4
461, 348.4790617823601, 4
462, 349.2349816560745, 9
463, 349.99090152978897, 7
464, 350.7468214035034, 9
465, 351.50274127721786, 7
466, 352.2586611509323, 7
467, 353.01458102464676, 6
468, 353.7705008983612, 2
469, 354.52642077207565, 6
470, 355.2823406457901, 6
471, 356.03826051950455, 3
472, 356.794180393219, 5
473, 357.55010026693344, 4
474, 358.3060201406479, 10
475, 359.06194001436234, 2
476, 359.8178598880768, 8
477, 360.57377976179123, 4
478, 361.3296996355057, 4
479, 362.0856195092201, 7
480, 362.84153938293457, 4
481, 363.597459256649, 6
482, 364.35337913036346, 3
483, 365.1092990040779, 4
484, 365.86521887779236, 5
485, 366.6211387515068, 4
486, 367.37705862522125, 6
487, 368.1329784989357, 6
488, 368.88889837265015, 6
489, 369.6448182463646, 8
490, 370.40073812007904, 4
491, 371.1566579937935, 6
492, 371.91257786750793, 6
493, 372.6684977412224, 6
494, 373.42441761493683, 8
495, 374.1803374886513, 4
496, 374.9362573623657, 9
497, 375.69217723608017, 6
498, 376.4480971097946, 9
499, 377.20401698350906, 4
500, 377.9599368572235, 7
501, 378.71585673093796, 7
502, 379.4717766046524, 3
503, 380.22769647836685, 7
504, 380.9836163520813, 7
505, 381.73953622579575, 8
506, 382.4954560995102, 6
507, 383.25137597322464, 11
508, 384.0072958469391, 6
509, 384.76321572065353, 9
510, 385.519135594368, 4
511, 386.2750554680824, 13
512, 387.0309753417969, 8
513, 387.7868952155113, 1
514, 388.54281508922577, 3
515, 389.2987349629402, 5
516, 390.05465483665466, 3
517, 390.8105747103691, 7
518, 391.56649458408356, 2
519, 392.322414457798, 5
520, 393.07833433151245, 4
521, 393.8342542052269, 8
522, 394.59017407894135, 7
523, 395.3460939526558, 7
524, 396.10201382637024, 5
525, 396.8579337000847, 4
526, 397.61385357379913, 11
527, 398.3697734475136, 10
528, 399.125693321228, 5
529, 399.8816131949425, 6
530, 400.6375330686569, 7
531, 401.39345294237137, 3
532, 402.1493728160858, 4
533, 402.90529268980026, 5
534, 403.6612125635147, 3
535, 404.41713243722916, 6
536, 405.1730523109436, 7
537, 405.92897218465805, 9
538, 406.6848920583725, 6
539, 407.44081193208694, 2
540, 408.1967318058014, 7
541, 408.95265167951584, 5
542, 409.7085715532303, 2
543, 410.46449142694473, 8
544, 411.2204113006592, 1
545, 411.9763311743736, 4
546, 412.7322510480881, 7
547, 413.4881709218025, 5
548, 414.24409079551697, 7
549, 415.0000106692314, 1
550, 415.75593054294586, 4
551, 416.5118504166603, 7
552, 417.26777029037476, 3
553, 418.0236901640892, 3
554, 418.77961003780365, 8
555, 419.5355299115181, 9
556, 420.29144978523254, 1
557, 421.047369658947, 6
558, 421.80328953266144, 8
559, 422.5592094063759, 1
560, 423.31512928009033, 6
561, 424.0710491538048, 9
562, 424.8269690275192, 6
563, 425.5828889012337, 4
564, 426.3388087749481, 7
565, 427.09472864866257, 9
566, 427.850648522377, 7
567, 428.60656839609146, 5
568, 429.3624882698059, 7
569, 430.11840814352036, 6
570, 430.8743280172348, 6
571, 431.63024789094925, 7
572, 432.3861677646637, 7
573, 433.14208763837814, 4
574, 433.8980075120926, 9
575, 434.65392738580704, 7
576, 435.4098472595215, 4
577, 436.16576713323593, 7
578, 436.9216870069504, 5
579, 437.6776068806648, 8
580, 438.4335267543793, 4
581, 439.1894466280937, 7
582, 439.94536650180817, 8
583, 440.7012863755226, 12
584, 441.45720624923706, 7
585, 442.2131261229515, 8
586, 442.96904599666595, 3
587, 443.7249658703804, 7
588, 444.48088574409485, 9
589, 445.2368056178093, 8
590, 445.99272549152374, 6
591, 446.7486453652382, 5
592, 447.50456523895264, 6
593, 448.2604851126671, 11
594, 449.01640498638153, 8
595, 449.772324860096, 6
596, 450.5282447338104, 2
597, 451.2841646075249, 8
598, 452.0400844812393, 10
599, 452.79600435495377, 4
600, 453.5519242286682, 3
601, 454.30784410238266, 3
602, 455.0637639760971, 8
603, 455.81968384981155, 6
604, 456.575603723526, 9
605, 457.33152359724045, 11
606, 458.0874434709549, 8
607, 458.84336334466934, 6
608, 459.5992832183838, 6
609, 460.35520309209824, 7
610, 461.1111229658127, 5
611, 461.86704283952713, 7
612, 462.6229627132416, 6
613, 463.378882586956, 3
614, 464.13480246067047, 2
615, 464.8907223343849, 2
616, 465.64664220809937, 4
617, 466.4025620818138, 3
618, 467.15848195552826, 5
619, 467.9144018292427, 7
620, 468.67032170295715, 4
621, 469.4262415766716, 6
622, 470.18216145038605, 4
623, 470.9380813241005, 8
624, 471.69400119781494, 1
625, 472.4499210715294, 5
626, 473.20584094524384, 4
627, 473.9617608189583, 2
628, 474.71768069267273, 6
629, 475.4736005663872, 4
630, 476.2295204401016, 1
631, 476.98544031381607, 5
632, 477.7413601875305, 4
633, 478.49728006124496, 6
634, 479.2531999349594, 9
635, 480.00911980867386, 5
636, 480.7650396823883, 4
637, 481.52095955610275, 3
638, 482.2768794298172, 1
639, 483.03279930353165, 4
640, 483.7887191772461, 3
641, 484.54463905096054, 6
642, 485.300558924675, 2
643, 486.05647879838943, 0
644, 486.8123986721039, 1
645, 487.56831854581833, 6
646, 488.3242384195328, 2
647, 489.0801582932472, 5
648, 489.83607816696167, 8
649, 490.5919980406761, 3
650, 491.34791791439056, 3
651, 492.103837788105, 6
652, 492.85975766181946, 4
653, 493.6156775355339, 4
654, 494.37159740924835, 8
655, 495.1275172829628, 2
656, 495.88343715667725, 2
657, 496.6393570303917, 3
658, 497.39527690410614, 3
659, 498.1511967778206, 4
660, 498.90711665153503, 4
661, 499.6630365252495, 5
662, 500.4189563989639, 0
663, 501.1748762726784, 4
664, 501.9307961463928, 0
665, 502.68671602010727, 4
666, 503.4426358938217, 4
667, 504.19855576753616, 5
668, 504.9544756412506, 3
669, 505.71039551496506, 2
670, 506.4663153886795, 1
671, 507.22223526239395, 4
672, 507.9781551361084, 5
673, 508.73407500982285, 2
674, 509.4899948835373, 4
675, 510.24591475725174, 4
676, 511.0018346309662, 6
677, 511.75775450468063, 1
678, 512.5136743783951, 3
679, 513.2695942521095, 3
680, 514.025514125824, 0
681, 514.7814339995384, 3
682, 515.5373538732529, 6
683, 516.2932737469673, 1
684, 517.0491936206818, 2
685, 517.8051134943962, 4
686, 518.5610333681107, 1
687, 519.3169532418251, 2
688, 520.0728731155396, 4
689, 520.828792989254, 1
690, 521.5847128629684, 6
691, 522.3406327366829, 0
692, 523.0965526103973, 0
693, 523.8524724841118, 1
694, 524.6083923578262, 4
695, 525.3643122315407, 3
696, 526.1202321052551, 4
697, 526.8761519789696, 1
698, 527.632071852684, 2
699, 528.3879917263985, 0
700, 529.1439116001129, 2
701, 529.8998314738274, 4
702, 530.6557513475418, 2
703, 531.4116712212563, 1
704, 532.1675910949707, 4
705, 532.9235109686852, 3
706, 533.6794308423996, 4
707, 534.435350716114, 1
708, 535.1912705898285, 2
709, 535.9471904635429, 1
710, 536.7031103372574, 0
711, 537.4590302109718, 5
712, 538.2149500846863, 1
713, 538.9708699584007, 1
714, 539.7267898321152, 2
715, 540.4827097058296, 2
716, 541.2386295795441, 1
717, 541.9945494532585, 3
718, 542.750469326973, 2
719, 543.5063892006874, 0
720, 544.2623090744019, 2
721, 545.0182289481163, 3
722, 545.7741488218307, 2
723, 546.5300686955452, 3
724, 547.2859885692596, 5
725, 548.0419084429741, 0
726, 548.7978283166885, 6
727, 549.553748190403, 5
728, 550.3096680641174, 3
729, 551.0655879378319, 2
730, 551.8215078115463, 6
731, 552.5774276852608, 2
732, 553.3333475589752, 2
733, 554.0892674326897, 4
734, 554.8451873064041, 5
735, 555.6011071801186, 3
736, 556.357027053833, 5
737, 557.1129469275475, 2
738, 557.8688668012619, 5
739, 558.6247866749763, 0
740, 559.3807065486908, 2
741, 560.1366264224052, 0
742, 560.8925462961197, 7
743, 561.6484661698341, 2
744, 562.4043860435486, 7
745, 563.160305917263, 6
746, 563.9162257909775, 1
747, 564.6721456646919, 2
748, 565.4280655384064, 3
749, 566.1839854121208, 8
750, 566.9399052858353, 8
751, 567.6958251595497, 5
752, 568.4517450332642, 9
753, 569.2076649069786, 5
754, 569.963584780693, 5
755, 570.7195046544075, 3
756, 571.475424528122, 6
757, 572.2313444018364, 5
758, 572.9872642755508, 3
759, 573.7431841492653, 3
760, 574.4991040229797, 4
761, 575.2550238966942, 10
762, 576.0109437704086, 8
763, 576.7668636441231, 5
764, 577.5227835178375, 10
765, 578.278703391552, 10
766, 579.0346232652664, 4
767, 579.7905431389809, 10
768, 580.5464630126953, 6
769, 581.3023828864098, 7
770, 582.0583027601242, 13
771, 582.8142226338387, 13
772, 583.5701425075531, 14
773, 584.3260623812675, 6
774, 585.081982254982, 13
775, 585.8379021286964, 8
776, 586.5938220024109, 11
777, 587.3497418761253, 10
778, 588.1056617498398, 12
779, 588.8615816235542, 9
780, 589.6175014972687, 12
781, 590.3734213709831, 10
782, 591.1293412446976, 7
783, 591.885261118412, 8
784, 592.6411809921265, 5
785, 593.3971008658409, 5
786, 594.1530207395554, 7
787, 594.9089406132698, 7
788, 595.6648604869843, 3
789, 596.4207803606987, 7
790, 597.1767002344131, 4
791, 597.9326201081276, 3
792, 598.688539981842, 6
793, 599.4444598555565, 3
794, 600.2003797292709, 3
795, 600.9562996029854, 4
796, 601.7122194766998, 7
797, 602.4681393504143, 1
798, 603.2240592241287, 2
799, 603.9799790978432, 8
800, 604.7358989715576, 2
801, 605.4918188452721, 2
802, 606.2477387189865, 9
803, 607.003658592701, 2
804, 607.7595784664154, 3
805, 608.5154983401299, 2
806, 609.2714182138443, 3
807, 610.0273380875587, 3
808, 610.7832579612732, 6
809, 611.5391778349876, 4
810, 612.2950977087021, 1
811, 613.0510175824165, 1
812, 613.806937456131, 2
813, 614.5628573298454, 1
814, 615.3187772035599, 5
815, 616.0746970772743, 2
816, 616.8306169509888, 3
817, 617.5865368247032, 0
818, 618.3424566984177, 1
819, 619.0983765721321, 0
820, 619.8542964458466, 1
821, 620.610216319561, 1
822, 621.3661361932755, 1
823, 622.1220560669899, 1
824, 622.8779759407043, 3
825, 623.6338958144188, 1
826, 624.3898156881332, 1
827, 625.1457355618477, 0
828, 625.9016554355621, 4
829, 626.6575753092766, 0
830, 627.413495182991, 0
831, 628.1694150567055, 0
832, 628.9253349304199, 3
833, 629.6812548041344, 1
834, 630.4371746778488, 0
835, 631.1930945515633, 1
836, 631.9490144252777, 2
837, 632.7049342989922, 2
838, 633.4608541727066, 0
839, 634.216774046421, 2
840, 634.9726939201355, 2
841, 635.72861379385, 2
842, 636.4845336675644, 4
843, 637.2404535412788, 3
844, 637.9963734149933, 3
845, 638.7522932887077, 1
846, 639.5082131624222, 2
847, 640.2641330361366, 3
848, 641.0200529098511, 2
849, 641.7759727835655, 2
850, 642.53189265728, 0
851, 643.2878125309944, 4
852, 644.0437324047089, 2
853, 644.7996522784233, 2
854, 645.5555721521378, 3
855, 646.3114920258522, 2
856, 647.0674118995667, 2
857, 647.8233317732811, 3
858, 648.5792516469955, 4
859, 649.33517152071, 1
860, 650.0910913944244, 3
861, 650.8470112681389, 6
862, 651.6029311418533, 4
863, 652.3588510155678, 0
864, 653.1147708892822, 2
865, 653.8706907629967, 0
866, 654.6266106367111, 2
867, 655.3825305104256, 0
868, 656.13845038414, 3
869, 656.8943702578545, 2
870, 657.6502901315689, 3
871, 658.4062100052834, 1
872, 659.1621298789978, 3
873, 659.9180497527122, 6
874, 660.6739696264267, 5
875, 661.4298895001411, 2
876, 662.1858093738556, 3
877, 662.94172924757, 5
878, 663.6976491212845, 6
879, 664.4535689949989, 4
880, 665.2094888687134, 4
881, 665.9654087424278, 3
882, 666.7213286161423, 5
883, 667.4772484898567, 3
884, 668.2331683635712, 6
885, 668.9890882372856, 7
886, 669.7450081110001, 6
887, 670.5009279847145, 2
888, 671.256847858429, 2
889, 672.0127677321434, 1
890, 672.7686876058578, 8
891, 673.5246074795723, 1
892, 674.2805273532867, 4
893, 675.0364472270012, 0
894, 675.7923671007156, 8
895, 676.5482869744301, 3
896, 677.3042068481445, 1
897, 678.060126721859, 3
898, 678.8160465955734, 3
899, 679.5719664692879, 1
900, 680.3278863430023, 4
901, 681.0838062167168, 4
902, 681.8397260904312, 4
903, 682.5956459641457, 2
904, 683.3515658378601, 4
905, 684.1074857115746, 3
906, 684.863405585289, 2
907, 685.6193254590034, 3
908, 686.3752453327179, 3
909, 687.1311652064323, 1
910, 687.8870850801468, 1
911, 688.6430049538612, 0
912, 689.3989248275757, 3
913, 690.1548447012901, 1
914, 690.9107645750046, 0
915, 691.666684448719, 1
916, 692.4226043224335, 0
917, 693.1785241961479, 3
918, 693.9344440698624, 1
919, 694.6903639435768, 1
920, 695.4462838172913, 0
921, 696.2022036910057, 0
922, 696.9581235647202, 1
923, 697.7140434384346, 0
924, 698.469963312149, 2
925, 699.2258831858635, 2
926, 699.9818030595779, 2
927, 700.7377229332924, 1
928, 701.4936428070068, 1
929, 702.2495626807213, 0
930, 703.0054825544357, 0
931, 703.7614024281502, 1
932, 704.5173223018646, 1
933, 705.2732421755791, 0
934, 706.0291620492935, 1
935, 706.785081923008, 1
936, 707.5410017967224, 0
937, 708.2969216704369, 0
938, 709.0528415441513, 0
939, 709.8087614178658, 0
940, 710.5646812915802, 0
941, 711.3206011652946, 2
942, 712.0765210390091, 1
943, 712.8324409127235, 3
944, 713.588360786438, 2
945, 714.3442806601524, 1
946, 715.1002005338669, 0
947, 715.8561204075813, 0
948, 716.6120402812958, 1
949, 717.3679601550102, 0
950, 718.1238800287247, 0
951, 718.8797999024391, 1
952, 719.6357197761536, 0
953, 720.391639649868, 0
954, 721.1475595235825, 3
955, 721.9034793972969, 1
956, 722.6593992710114, 1
957, 723.4153191447258, 0
958, 724.1712390184402, 0
959, 724.9271588921547, 0
960, 725.6830787658691, 0
961, 726.4389986395836, 1
962, 727.194918513298, 0
963, 727.9508383870125, 2
964, 728.7067582607269, 0
965, 729.4626781344414, 0
966, 730.2185980081558, 1
967, 730.9745178818703, 0
968, 731.7304377555847, 0
969, 732.4863576292992, 1
970, 733.2422775030136, 0
971, 733.9981973767281, 0
972, 734.7541172504425, 1
973, 735.510037124157, 0
974, 736.2659569978714, 0
975, 737.0218768715858, 0
976, 737.7777967453003, 0
977, 738.5337166190147, 0
978, 739.2896364927292, 1
979, 740.0455563664436, 0
980, 740.8014762401581, 1
981, 741.5573961138725, 0
982, 742.313315987587, 1
983, 743.0692358613014, 0
984, 743.8251557350159, 0
985, 744.5810756087303, 2
986, 745.3369954824448, 0
987, 746.0929153561592, 0
988, 746.8488352298737, 0
989, 747.6047551035881, 2
990, 748.3606749773026, 0
991, 749.116594851017, 1
992, 749.8725147247314, 0
993, 750.6284345984459, 0
994, 751.3843544721603, 1
995, 752.1402743458748, 0
996, 752.8961942195892, 0
997, 753.6521140933037, 1
998, 754.4080339670181, 1
999, 755.1639538407326, 0
1000, 755.919873714447, 1
1001, 756.6757935881615, 1
1002, 757.4317134618759, 2
1003, 758.1876333355904, 1
1004, 758.9435532093048, 0
1005, 759.6994730830193, 0
1006, 760.4553929567337, 0
1007, 761.2113128304482, 0
1008, 761.9672327041626, 0
1009, 762.723152577877, 1
1010, 763.4790724515915, 0
1011, 764.2349923253059, 0
1012, 764.9909121990204, 0
1013, 765.7468320727348, 0
1014, 766.5027519464493, 0
1015, 767.2586718201637, 0
1016, 768.0145916938782, 0
1017, 768.7705115675926, 0
1018, 769.5264314413071, 1
1019, 770.2823513150215, 1
1020, 771.038271188736, 1
1021, 771.7941910624504, 0
1022, 772.5501109361649, 0
1023, 773.3060308098793, 0
1024, 774.0619506835938, 0
