Start Time, Sun Mar 25 09:52:15 GMT-0400 2007
Energy calibration,  Offset: 0, Slope: 0.755919873714447, Quadratic: 0
Live Time (s), 7197.517737
Real Time (s), 7200
Elapsed Computational, 0
Spectrum
Channel, Energy (keV), Counts
1, 0.755919873714447, 0
2, 1.511839747428894, 0
3, 2.267759621143341, 0
4, 3.023679494857788, 0
5, 3.779599368572235, 0
6, 4.535519242286682, 0
7, 5.291439116001129, 0
8, 6.047358989715576, 0
9, 6.803278863430023, 0
10, 7.55919873714447, 460
11, 8.315118610858917, 447
12, 9.071038484573364, 408
13, 9.826958358287811, 399
14, 10.582878232002258, 421
15, 11.338798105716705, 466
16, 12.094717979431152, 431
17, 12.8506378531456, 459
18, 13.606557726860046, 472
19, 14.362477600574493, 462
20, 15.11839747428894, 514
21, 15.874317348003387, 460
22, 16.630237221717834, 473
23, 17.38615709543228, 461
24, 18.14207696914673, 501
25, 18.897996842861176, 476
26, 19.653916716575623, 494
27, 20.40983659029007, 486
28, 21.165756464004517, 482
29, 21.921676337718964, 517
30, 22.67759621143341, 534
31, 23.433516085147858, 515
32, 24.189435958862305, 509
33, 24.94535583257675, 523
34, 25.7012757062912, 560
35, 26.457195580005646, 537
36, 27.213115453720093, 532
37, 27.96903532743454, 594
38, 28.724955201148987, 591
39, 29.480875074863434, 613
40, 30.23679494857788, 637
41, 30.992714822292328, 680
42, 31.748634696006775, 709
43, 32.50455456972122, 752
44, 33.26047444343567, 828
45, 34.016394317150116, 868
46, 34.77231419086456, 987
47, 35.52823406457901, 1033
48, 36.28415393829346, 1098
49, 37.040073812007904, 1145
50, 37.79599368572235, 1258
51, 38.5519135594368, 1289
52, 39.307833433151245, 1250
53, 40.06375330686569, 1318
54, 40.81967318058014, 1292
55, 41.575593054294586, 1383
56, 42.33151292800903, 1304
57, 43.08743280172348, 1253
58, 43.84335267543793, 1298
59, 44.599272549152374, 1245
60, 45.35519242286682, 1286
61, 46.11111229658127, 1257
62, 46.867032170295715, 1270
63, 47.62295204401016, 1217
64, 48.37887191772461, 1246
65, 49.134791791439056, 1229
66, 49.8907116651535, 1309
67, 50.64663153886795, 1311
68, 51.4025514125824, 1326
69, 52.158471286296844, 1344
70, 52.91439116001129, 1340
71, 53.67031103372574, 1325
72, 54.426230907440186, 1356
73, 55.18215078115463, 1292
74, 55.93807065486908, 1366
75, 56.69399052858353, 1380
76, 57.449910402297974, 1347
77, 58.20583027601242, 1410
78, 58.96175014972687, 1455
79, 59.717670023441315, 1427
80, 60.47358989715576, 1433
81, 61.22950977087021, 1421
82, 61.985429644584656, 1465
83, 62.7413495182991, 1478
84, 63.49726939201355, 1416
85, 64.253189265728, 1435
86, 65.00910913944244, 1442
87, 65.76502901315689, 1467
88, 66.52094888687134, 1418
89, 67.27686876058578, 1401
90, 68.03278863430023, 1414
91, 68.78870850801468, 1476
92, 69.54462838172913, 1480
93, 70.30054825544357, 1433
94, 71.05646812915802, 1356
95, 71.81238800287247, 1421
96, 72.56830787658691, 1375
97, 73.32422775030136, 1397
98, 74.08014762401581, 1432
99, 74.83606749773026, 1443
100, 75.5919873714447, 1327
101, 76.34790724515915, 1413
102, 77.1038271188736, 1360
103, 77.85974699258804, 1337
104, 78.61566686630249, 1369
105, 79.37158674001694, 1355
106, 80.12750661373138, 1359
107, 80.88342648744583, 1349
108, 81.63934636116028, 1359
109, 82.39526623487473, 1355
110, 83.15118610858917, 1276
111, 83.90710598230362, 1254
112, 84.66302585601807, 1303
113, 85.41894572973251, 1304
114, 86.17486560344696, 1276
115, 86.93078547716141, 1340
116, 87.68670535087585, 1159
117, 88.4426252245903, 1228
118, 89.19854509830475, 1197
119, 89.9544649720192, 1230
120, 90.71038484573364, 1198
121, 91.46630471944809, 1219
122, 92.22222459316254, 1234
123, 92.97814446687698, 1181
124, 93.73406434059143, 1192
125, 94.48998421430588, 1157
126, 95.24590408802032, 1194
127, 96.00182396173477, 1119
128, 96.75774383544922, 1122
129, 97.51366370916367, 1088
130, 98.26958358287811, 1141
131, 99.02550345659256, 1112
132, 99.781423330307, 1079
133, 100.53734320402145, 1160
134, 101.2932630777359, 1087
135, 102.04918295145035, 1061
136, 102.8051028251648, 1033
137, 103.56102269887924, 1044
138, 104.31694257259369, 1038
139, 105.07286244630814, 993
140, 105.82878232002258, 1063
141, 106.58470219373703, 991
142, 107.34062206745148, 999
143, 108.09654194116592, 995
144, 108.85246181488037, 983
145, 109.60838168859482, 1001
146, 110.36430156230927, 996
147, 111.12022143602371, 981
148, 111.87614130973816, 985
149, 112.6320611834526, 990
150, 113.38798105716705, 976
151, 114.1439009308815, 1016
152, 114.89982080459595, 926
153, 115.6557406783104, 909
154, 116.41166055202484, 927
155, 117.16758042573929, 894
156, 117.92350029945374, 901
157, 118.67942017316818, 929
158, 119.43534004688263, 863
159, 120.19125992059708, 865
160, 120.94717979431152, 884
161, 121.70309966802597, 808
162, 122.45901954174042, 826
163, 123.21493941545486, 837
164, 123.97085928916931, 844
165, 124.72677916288376, 843
166, 125.4826990365982, 831
167, 126.23861891031265, 732
168, 126.9945387840271, 854
169, 127.75045865774155, 757
170, 128.506378531456, 840
171, 129.26229840517044, 794
172, 130.0182182788849, 772
173, 130.77413815259933, 754
174, 131.53005802631378, 745
175, 132.28597790002823, 707
176, 133.04189777374268, 702
177, 133.79781764745712, 701
178, 134.55373752117157, 745
179, 135.30965739488602, 730
180, 136.06557726860046, 654
181, 136.8214971423149, 690
182, 137.57741701602936, 691
183, 138.3333368897438, 703
184, 139.08925676345825, 694
185, 139.8451766371727, 668
186, 140.60109651088715, 633
187, 141.3570163846016, 652
188, 142.11293625831604, 658
189, 142.8688561320305, 659
190, 143.62477600574493, 669
191, 144.38069587945938, 620
192, 145.13661575317383, 646
193, 145.89253562688828, 598
194, 146.64845550060272, 645
195, 147.40437537431717, 615
196, 148.16029524803162, 576
197, 148.91621512174606, 581
198, 149.6721349954605, 616
199, 150.42805486917496, 589
200, 151.1839747428894, 590
201, 151.93989461660385, 641
202, 152.6958144903183, 585
203, 153.45173436403275, 593
204, 154.2076542377472, 608
205, 154.96357411146164, 543
206, 155.7194939851761, 533
207, 156.47541385889053, 537
208, 157.23133373260498, 567
209, 157.98725360631943, 535
210, 158.74317348003387, 611
211, 159.49909335374832, 555
212, 160.25501322746277, 534
213, 161.01093310117722, 534
214, 161.76685297489166, 515
215, 162.5227728486061, 540
216, 163.27869272232056, 516
217, 164.034612596035, 525
218, 164.79053246974945, 550
219, 165.5464523434639, 479
220, 166.30237221717834, 504
221, 167.0582920908928, 495
222, 167.81421196460724, 495
223, 168.5701318383217, 490
224, 169.32605171203613, 488
225, 170.08197158575058, 448
226, 170.83789145946503, 449
227, 171.59381133317947, 462
228, 172.34973120689392, 481
229, 173.10565108060837, 431
230, 173.86157095432281, 477
231, 174.61749082803726, 465
232, 175.3734107017517, 433
233, 176.12933057546616, 428
234, 176.8852504491806, 420
235, 177.64117032289505, 428
236, 178.3970901966095, 425
237, 179.15301007032394, 433
238, 179.9089299440384, 430
239, 180.66484981775284, 427
240, 181.42076969146729, 385
241, 182.17668956518173, 424
242, 182.93260943889618, 426
243, 183.68852931261063, 423
244, 184.44444918632507, 439
245, 185.20036906003952, 418
246, 185.95628893375397, 423
247, 186.71220880746841, 434
248, 187.46812868118286, 396
249, 188.2240485548973, 370
250, 188.97996842861176, 354
251, 189.7358883023262, 398
252, 190.49180817604065, 372
253, 191.2477280497551, 400
254, 192.00364792346954, 407
255, 192.759567797184, 391
256, 193.51548767089844, 352
257, 194.27140754461288, 388
258, 195.02732741832733, 395
259, 195.78324729204178, 402
260, 196.53916716575623, 387
261, 197.29508703947067, 391
262, 198.05100691318512, 362
263, 198.80692678689957, 343
264, 199.562846660614, 358
265, 200.31876653432846, 324
266, 201.0746864080429, 369
267, 201.83060628175735, 374
268, 202.5865261554718, 355
269, 203.34244602918625, 372
270, 204.0983659029007, 329
271, 204.85428577661514, 343
272, 205.6102056503296, 362
273, 206.36612552404404, 371
274, 207.12204539775848, 381
275, 207.87796527147293, 321
276, 208.63388514518738, 344
277, 209.38980501890182, 388
278, 210.14572489261627, 349
279, 210.90164476633072, 365
280, 211.65756464004517, 336
281, 212.4134845137596, 366
282, 213.16940438747406, 374
283, 213.9253242611885, 363
284, 214.68124413490295, 393
285, 215.4371640086174, 398
286, 216.19308388233185, 393
287, 216.9490037560463, 396
288, 217.70492362976074, 449
289, 218.4608435034752, 434
290, 219.21676337718964, 444
291, 219.97268325090408, 477
292, 220.72860312461853, 449
293, 221.48452299833298, 495
294, 222.24044287204742, 457
295, 222.99636274576187, 511
296, 223.75228261947632, 527
297, 224.50820249319077, 534
298, 225.2641223669052, 582
299, 226.02004224061966, 593
300, 226.7759621143341, 599
301, 227.53188198804855, 623
302, 228.287801861763, 631
303, 229.04372173547745, 645
304, 229.7996416091919, 637
305, 230.55556148290634, 660
306, 231.3114813566208, 654
307, 232.06740123033524, 748
308, 232.82332110404968, 662
309, 233.57924097776413, 713
310, 234.33516085147858, 685
311, 235.09108072519302, 727
312, 235.84700059890747, 724
313, 236.60292047262192, 685
314, 237.35884034633636, 760
315, 238.1147602200508, 701
316, 238.87068009376526, 714
317, 239.6265999674797, 725
318, 240.38251984119415, 676
319, 241.1384397149086, 658
320, 241.89435958862305, 662
321, 242.6502794623375, 634
322, 243.40619933605194, 605
323, 244.1621192097664, 621
324, 244.91803908348083, 590
325, 245.67395895719528, 560
326, 246.42987883090973, 581
327, 247.18579870462418, 537
328, 247.94171857833862, 522
329, 248.69763845205307, 447
330, 249.45355832576752, 498
331, 250.20947819948196, 508
332, 250.9653980731964, 419
333, 251.72131794691086, 422
334, 252.4772378206253, 451
335, 253.23315769433975, 445
336, 253.9890775680542, 360
337, 254.74499744176865, 387
338, 255.5009173154831, 397
339, 256.25683718919754, 357
340, 257.012757062912, 357
341, 257.76867693662643, 321
342, 258.5245968103409, 307
343, 259.2805166840553, 345
344, 260.0364365577698, 287
345, 260.7923564314842, 301
346, 261.54827630519867, 301
347, 262.3041961789131, 299
348, 263.06011605262756, 277
349, 263.816035926342, 283
350, 264.57195580005646, 291
351, 265.3278756737709, 256
352, 266.08379554748535, 233
353, 266.8397154211998, 247
354, 267.59563529491425, 236
355, 268.3515551686287, 268
356, 269.10747504234314, 210
357, 269.8633949160576, 229
358, 270.61931478977203, 240
359, 271.3752346634865, 243
360, 272.1311545372009, 214
361, 272.8870744109154, 252
362, 273.6429942846298, 259
363, 274.39891415834427, 230
364, 275.1548340320587, 216
365, 275.91075390577316, 223
366, 276.6666737794876, 250
367, 277.42259365320206, 232
368, 278.1785135269165, 226
369, 278.93443340063095, 226
370, 279.6903532743454, 238
371, 280.44627314805984, 221
372, 281.2021930217743, 217
373, 281.95811289548874, 225
374, 282.7140327692032, 213
375, 283.46995264291763, 222
376, 284.2258725166321, 242
377, 284.9817923903465, 257
378, 285.737712264061, 235
379, 286.4936321377754, 247
380, 287.24955201148987, 213
381, 288.0054718852043, 220
382, 288.76139175891876, 244
383, 289.5173116326332, 237
384, 290.27323150634766, 207
385, 291.0291513800621, 191
386, 291.78507125377655, 222
387, 292.540991127491, 213
388, 293.29691100120544, 244
389, 294.0528308749199, 221
390, 294.80875074863434, 211
391, 295.5646706223488, 231
392, 296.32059049606323, 259
393, 297.0765103697777, 238
394, 297.8324302434921, 199
395, 298.5883501172066, 239
396, 299.344269990921, 219
397, 300.10018986463547, 235
398, 300.8561097383499, 236
399, 301.61202961206436, 220
400, 302.3679494857788, 222
401, 303.12386935949326, 193
402, 303.8797892332077, 210
403, 304.63570910692215, 195
404, 305.3916289806366, 221
405, 306.14754885435104, 220
406, 306.9034687280655, 228
407, 307.65938860177994, 213
408, 308.4153084754944, 203
409, 309.17122834920883, 195
410, 309.9271482229233, 211
411, 310.6830680966377, 191
412, 311.4389879703522, 175
413, 312.1949078440666, 166
414, 312.95082771778107, 187
415, 313.7067475914955, 171
416, 314.46266746520996, 210
417, 315.2185873389244, 183
418, 315.97450721263885, 183
419, 316.7304270863533, 182
420, 317.48634696006775, 181
421, 318.2422668337822, 175
422, 318.99818670749664, 176
423, 319.7541065812111, 157
424, 320.51002645492554, 155
425, 321.26594632864, 160
426, 322.02186620235443, 159
427, 322.7777860760689, 182
428, 323.5337059497833, 148
429, 324.2896258234978, 154
430, 325.0455456972122, 151
431, 325.80146557092667, 139
432, 326.5573854446411, 167
433, 327.31330531835556, 138
434, 328.06922519207, 146
435, 328.82514506578445, 154
436, 329.5810649394989, 143
437, 330.33698481321335, 145
438, 331.0929046869278, 156
439, 331.84882456064224, 164
440, 332.6047444343567, 148
441, 333.36066430807114, 137
442, 334.1165841817856, 127
443, 334.87250405550003, 133
444, 335.6284239292145, 132
445, 336.3843438029289, 116
446, 337.1402636766434, 126
447, 337.8961835503578, 119
448, 338.65210342407227, 134
449, 339.4080232977867, 139
450, 340.16394317150116, 138
451, 340.9198630452156, 125
452, 341.67578291893005, 124
453, 342.4317027926445, 116
454, 343.18762266635895, 112
455, 343.9435425400734, 112
456, 344.69946241378784, 135
457, 345.4553822875023, 102
458, 346.21130216121674, 115
459, 346.9672220349312, 112
460, 347.72314190864563, 124
461, 348.4790617823601, 120
462, 349.2349816560745, 122
463, 349.99090152978897, 129
464, 350.7468214035034, 136
465, 351.50274127721786, 137
466, 352.2586611509323, 129
467, 353.01458102464676, 116
468, 353.7705008983612, 118
469, 354.52642077207565, 116
470, 355.2823406457901, 128
471, 356.03826051950455, 122
472, 356.794180393219, 106
473, 357.55010026693344, 120
474, 358.3060201406479, 138
475, 359.06194001436234, 137
476, 359.8178598880768, 124
477, 360.57377976179123, 137
478, 361.3296996355057, 116
479, 362.0856195092201, 129
480, 362.84153938293457, 135
481, 363.597459256649, 136
482, 364.35337913036346, 122
483, 365.1092990040779, 128
484, 365.86521887779236, 108
485, 366.6211387515068, 123
486, 367.37705862522125, 128
487, 368.1329784989357, 141
488, 368.88889837265015, 108
489, 369.6448182463646, 113
490, 370.40073812007904, 130
491, 371.1566579937935, 95
492, 371.91257786750793, 125
493, 372.6684977412224, 119
494, 373.42441761493683, 120
495, 374.1803374886513, 106
496, 374.9362573623657, 132
497, 375.69217723608017, 107
498, 376.4480971097946, 123
499, 377.20401698350906, 126
500, 377.9599368572235, 111
501, 378.71585673093796, 116
502, 379.4717766046524, 112
503, 380.22769647836685, 102
504, 380.9836163520813, 114
505, 381.73953622579575, 120
506, 382.4954560995102, 114
507, 383.25137597322464, 126
508, 384.0072958469391, 110
509, 384.76321572065353, 110
510, 385.519135594368, 112
511, 386.2750554680824, 120
512, 387.0309753417969, 113
513, 387.7868952155113, 126
514, 388.54281508922577, 115
515, 389.2987349629402, 92
516, 390.05465483665466, 96
517, 390.8105747103691, 101
518, 391.56649458408356, 124
519, 392.322414457798, 107
520, 393.07833433151245, 114
521, 393.8342542052269, 113
522, 394.59017407894135, 112
523, 395.3460939526558, 106
524, 396.10201382637024, 122
525, 396.8579337000847, 118
526, 397.61385357379913, 125
527, 398.3697734475136, 107
528, 399.125693321228, 106
529, 399.8816131949425, 115
530, 400.6375330686569, 96
531, 401.39345294237137, 108
532, 402.1493728160858, 110
533, 402.90529268980026, 121
534, 403.6612125635147, 98
535, 404.41713243722916, 99
536, 405.1730523109436, 110
537, 405.92897218465805, 110
538, 406.6848920583725, 101
539, 407.44081193208694, 102
540, 408.1967318058014, 117
541, 408.95265167951584, 109
542, 409.7085715532303, 105
543, 410.46449142694473, 106
544, 411.2204113006592, 123
545, 411.9763311743736, 81
546, 412.7322510480881, 106
547, 413.4881709218025, 116
548, 414.24409079551697, 104
549, 415.0000106692314, 119
550, 415.75593054294586, 102
551, 416.5118504166603, 101
552, 417.26777029037476, 104
553, 418.0236901640892, 109
554, 418.77961003780365, 92
555, 419.5355299115181, 106
556, 420.29144978523254, 119
557, 421.047369658947, 86
558, 421.80328953266144, 112
559, 422.5592094063759, 118
560, 423.31512928009033, 101
561, 424.0710491538048, 110
562, 424.8269690275192, 103
563, 425.5828889012337, 98
564, 426.3388087749481, 123
565, 427.09472864866257, 117
566, 427.850648522377, 106
567, 428.60656839609146, 91
568, 429.3624882698059, 99
569, 430.11840814352036, 88
570, 430.8743280172348, 110
571, 431.63024789094925, 102
572, 432.3861677646637, 111
573, 433.14208763837814, 100
574, 433.8980075120926, 96
575, 434.65392738580704, 101
576, 435.4098472595215, 84
577, 436.16576713323593, 125
578, 436.9216870069504, 116
579, 437.6776068806648, 119
580, 438.4335267543793, 123
581, 439.1894466280937, 96
582, 439.94536650180817, 107
583, 440.7012863755226, 94
584, 441.45720624923706, 92
585, 442.2131261229515, 109
586, 442.96904599666595, 108
587, 443.7249658703804, 121
588, 444.48088574409485, 88
589, 445.2368056178093, 98
590, 445.99272549152374, 97
591, 446.7486453652382, 98
592, 447.50456523895264, 98
593, 448.2604851126671, 119
594, 449.01640498638153, 94
595, 449.772324860096, 83
596, 450.5282447338104, 93
597, 451.2841646075249, 100
598, 452.0400844812393, 117
599, 452.79600435495377, 67
600, 453.5519242286682, 92
601, 454.30784410238266, 110
602, 455.0637639760971, 98
603, 455.81968384981155, 79
604, 456.575603723526, 86
605, 457.33152359724045, 86
606, 458.0874434709549, 86
607, 458.84336334466934, 86
608, 459.5992832183838, 76
609, 460.35520309209824, 87
610, 461.1111229658127, 91
611, 461.86704283952713, 71
612, 462.6229627132416, 86
613, 463.378882586956, 89
614, 464.13480246067047, 87
615, 464.8907223343849, 88
616, 465.64664220809937, 82
617, 466.4025620818138, 78
618, 467.15848195552826, 75
619, 467.9144018292427, 77
620, 468.67032170295715, 87
621, 469.4262415766716, 81
622, 470.18216145038605, 83
623, 470.9380813241005, 76
624, 471.69400119781494, 86
625, 472.4499210715294, 69
626, 473.20584094524384, 63
627, 473.9617608189583, 68
628, 474.71768069267273, 64
629, 475.4736005663872, 69
630, 476.2295204401016, 74
631, 476.98544031381607, 82
632, 477.7413601875305, 77
633, 478.49728006124496, 72
634, 479.2531999349594, 82
635, 480.00911980867386, 92
636, 480.7650396823883, 66
637, 481.52095955610275, 65
638, 482.2768794298172, 64
639, 483.03279930353165, 70
640, 483.7887191772461, 83
641, 484.54463905096054, 69
642, 485.300558924675, 67
643, 486.05647879838943, 64
644, 486.8123986721039, 65
645, 487.56831854581833, 66
646, 488.3242384195328, 76
647, 489.0801582932472, 60
648, 489.83607816696167, 71
649, 490.5919980406761, 71
650, 491.34791791439056, 66
651, 492.103837788105, 63
652, 492.85975766181946, 68
653, 493.6156775355339, 63
654, 494.37159740924835, 69
655, 495.1275172829628, 53
656, 495.88343715667725, 63
657, 496.6393570303917, 67
658, 497.39527690410614, 52
659, 498.1511967778206, 67
660, 498.90711665153503, 65
661, 499.6630365252495, 68
662, 500.4189563989639, 66
663, 501.1748762726784, 72
664, 501.9307961463928, 69
665, 502.68671602010727, 57
666, 503.4426358938217, 53
667, 504.19855576753616, 57
668, 504.9544756412506, 45
669, 505.71039551496506, 41
670, 506.4663153886795, 78
671, 507.22223526239395, 70
672, 507.9781551361084, 61
673, 508.73407500982285, 51
674, 509.4899948835373, 72
675, 510.24591475725174, 54
676, 511.0018346309662, 57
677, 511.75775450468063, 51
678, 512.5136743783951, 58
679, 513.2695942521095, 68
680, 514.025514125824, 72
681, 514.7814339995384, 65
682, 515.5373538732529, 67
683, 516.2932737469673, 55
684, 517.0491936206818, 61
685, 517.8051134943962, 59
686, 518.5610333681107, 47
687, 519.3169532418251, 60
688, 520.0728731155396, 53
689, 520.828792989254, 52
690, 521.5847128629684, 67
691, 522.3406327366829, 53
692, 523.0965526103973, 53
693, 523.8524724841118, 67
694, 524.6083923578262, 74
695, 525.3643122315407, 74
696, 526.1202321052551, 69
697, 526.8761519789696, 48
698, 527.632071852684, 58
699, 528.3879917263985, 66
700, 529.1439116001129, 80
701, 529.8998314738274, 62
702, 530.6557513475418, 60
703, 531.4116712212563, 83
704, 532.1675910949707, 51
705, 532.9235109686852, 79
706, 533.6794308423996, 70
707, 534.435350716114, 52
708, 535.1912705898285, 65
709, 535.9471904635429, 68
710, 536.7031103372574, 76
711, 537.4590302109718, 71
712, 538.2149500846863, 78
713, 538.9708699584007, 67
714, 539.7267898321152, 80
715, 540.4827097058296, 67
716, 541.2386295795441, 73
717, 541.9945494532585, 78
718, 542.750469326973, 91
719, 543.5063892006874, 73
720, 544.2623090744019, 82
721, 545.0182289481163, 64
722, 545.7741488218307, 81
723, 546.5300686955452, 71
724, 547.2859885692596, 80
725, 548.0419084429741, 94
726, 548.7978283166885, 104
727, 549.553748190403, 90
728, 550.3096680641174, 83
729, 551.0655879378319, 100
730, 551.8215078115463, 83
731, 552.5774276852608, 98
732, 553.3333475589752, 95
733, 554.0892674326897, 83
734, 554.8451873064041, 123
735, 555.6011071801186, 96
736, 556.357027053833, 109
737, 557.1129469275475, 114
738, 557.8688668012619, 90
739, 558.6247866749763, 104
740, 559.3807065486908, 117
741, 560.1366264224052, 125
742, 560.8925462961197, 130
743, 561.6484661698341, 130
744, 562.4043860435486, 108
745, 563.160305917263, 122
746, 563.9162257909775, 128
747, 564.6721456646919, 109
748, 565.4280655384064, 114
749, 566.1839854121208, 118
750, 566.9399052858353, 109
751, 567.6958251595497, 125
752, 568.4517450332642, 114
753, 569.2076649069786, 121
754, 569.963584780693, 123
755, 570.7195046544075, 109
756, 571.475424528122, 125
757, 572.2313444018364, 108
758, 572.9872642755508, 120
759, 573.7431841492653, 119
760, 574.4991040229797, 114
761, 575.2550238966942, 101
762, 576.0109437704086, 122
763, 576.7668636441231, 105
764, 577.5227835178375, 132
765, 578.278703391552, 106
766, 579.0346232652664, 107
767, 579.7905431389809, 93
768, 580.5464630126953, 110
769, 581.3023828864098, 105
770, 582.0583027601242, 106
771, 582.8142226338387, 92
772, 583.5701425075531, 105
773, 584.3260623812675, 84
774, 585.081982254982, 89
775, 585.8379021286964, 90
776, 586.5938220024109, 100
777, 587.3497418761253, 91
778, 588.1056617498398, 114
779, 588.8615816235542, 106
780, 589.6175014972687, 93
781, 590.3734213709831, 93
782, 591.1293412446976, 94
783, 591.885261118412, 83
784, 592.6411809921265, 78
785, 593.3971008658409, 89
786, 594.1530207395554, 76
787, 594.9089406132698, 85
788, 595.6648604869843, 76
789, 596.4207803606987, 85
790, 597.1767002344131, 73
791, 597.9326201081276, 66
792, 598.688539981842, 73
793, 599.4444598555565, 73
794, 600.2003797292709, 81
795, 600.9562996029854, 70
796, 601.7122194766998, 69
797, 602.4681393504143, 81
798, 603.2240592241287, 68
799, 603.9799790978432, 72
800, 604.7358989715576, 60
801, 605.4918188452721, 60
802, 606.2477387189865, 60
803, 607.003658592701, 66
804, 607.7595784664154, 62
805, 608.5154983401299, 51
806, 609.2714182138443, 53
807, 610.0273380875587, 50
808, 610.7832579612732, 56
809, 611.5391778349876, 61
810, 612.2950977087021, 49
811, 613.0510175824165, 58
812, 613.806937456131, 48
813, 614.5628573298454, 47
814, 615.3187772035599, 43
815, 616.0746970772743, 42
816, 616.8306169509888, 49
817, 617.5865368247032, 59
818, 618.3424566984177, 46
819, 619.0983765721321, 48
820, 619.8542964458466, 45
821, 620.610216319561, 34
822, 621.3661361932755, 53
823, 622.1220560669899, 48
824, 622.8779759407043, 47
825, 623.6338958144188, 38
826, 624.3898156881332, 38
827, 625.1457355618477, 50
828, 625.9016554355621, 43
829, 626.6575753092766, 45
830, 627.413495182991, 45
831, 628.1694150567055, 51
832, 628.9253349304199, 48
833, 629.6812548041344, 44
834, 630.4371746778488, 48
835, 631.1930945515633, 47
836, 631.9490144252777, 48
837, 632.7049342989922, 52
838, 633.4608541727066, 44
839, 634.216774046421, 41
840, 634.9726939201355, 47
841, 635.72861379385, 38
842, 636.4845336675644, 39
843, 637.2404535412788, 43
844, 637.9963734149933, 54
845, 638.7522932887077, 48
846, 639.5082131624222, 36
847, 640.2641330361366, 42
848, 641.0200529098511, 43
849, 641.7759727835655, 52
850, 642.53189265728, 49
851, 643.2878125309944, 47
852, 644.0437324047089, 42
853, 644.7996522784233, 37
854, 645.5555721521378, 46
855, 646.3114920258522, 41
856, 647.0674118995667, 52
857, 647.8233317732811, 50
858, 648.5792516469955, 37
859, 649.33517152071, 44
860, 650.0910913944244, 38
861, 650.8470112681389, 42
862, 651.6029311418533, 38
863, 652.3588510155678, 38
864, 653.1147708892822, 40
865, 653.8706907629967, 41
866, 654.6266106367111, 55
867, 655.3825305104256, 51
868, 656.13845038414, 38
869, 656.8943702578545, 36
870, 657.6502901315689, 45
871, 658.4062100052834, 39
872, 659.1621298789978, 36
873, 659.9180497527122, 35
874, 660.6739696264267, 36
875, 661.4298895001411, 29
876, 662.1858093738556, 39
877, 662.94172924757, 38
878, 663.6976491212845, 55
879, 664.4535689949989, 52
880, 665.2094888687134, 31
881, 665.9654087424278, 33
882, 666.7213286161423, 40
883, 667.4772484898567, 42
884, 668.2331683635712, 39
885, 668.9890882372856, 29
886, 669.7450081110001, 27
887, 670.5009279847145, 27
888, 671.256847858429, 42
889, 672.0127677321434, 40
890, 672.7686876058578, 28
891, 673.5246074795723, 39
892, 674.2805273532867, 25
893, 675.0364472270012, 37
894, 675.7923671007156, 34
895, 676.5482869744301, 31
896, 677.3042068481445, 29
897, 678.060126721859, 34
898, 678.8160465955734, 32
899, 679.5719664692879, 36
900, 680.3278863430023, 31
901, 681.0838062167168, 24
902, 681.8397260904312, 26
903, 682.5956459641457, 25
904, 683.3515658378601, 40
905, 684.1074857115746, 31
906, 684.863405585289, 24
907, 685.6193254590034, 25
908, 686.3752453327179, 25
909, 687.1311652064323, 18
910, 687.8870850801468, 29
911, 688.6430049538612, 20
912, 689.3989248275757, 22
913, 690.1548447012901, 30
914, 690.9107645750046, 25
915, 691.666684448719, 32
916, 692.4226043224335, 28
917, 693.1785241961479, 26
918, 693.9344440698624, 22
919, 694.6903639435768, 18
920, 695.4462838172913, 23
921, 696.2022036910057, 18
922, 696.9581235647202, 10
923, 697.7140434384346, 20
924, 698.469963312149, 17
925, 699.2258831858635, 19
926, 699.9818030595779, 10
927, 700.7377229332924, 17
928, 701.4936428070068, 21
929, 702.2495626807213, 16
930, 703.0054825544357, 17
931, 703.7614024281502, 18
932, 704.5173223018646, 16
933, 705.2732421755791, 17
934, 706.0291620492935, 11
935, 706.785081923008, 19
936, 707.5410017967224, 18
937, 708.2969216704369, 15
938, 709.0528415441513, 19
939, 709.8087614178658, 21
940, 710.5646812915802, 17
941, 711.3206011652946, 18
942, 712.0765210390091, 15
943, 712.8324409127235, 7
944, 713.588360786438, 19
945, 714.3442806601524, 18
946, 715.1002005338669, 21
947, 715.8561204075813, 15
948, 716.6120402812958, 13
949, 717.3679601550102, 13
950, 718.1238800287247, 17
951, 718.8797999024391, 16
952, 719.6357197761536, 14
953, 720.391639649868, 8
954, 721.1475595235825, 11
955, 721.9034793972969, 11
956, 722.6593992710114, 10
957, 723.4153191447258, 7
958, 724.1712390184402, 18
959, 724.9271588921547, 12
960, 725.6830787658691, 13
961, 726.4389986395836, 13
962, 727.194918513298, 14
963, 727.9508383870125, 16
964, 728.7067582607269, 16
965, 729.4626781344414, 12
966, 730.2185980081558, 19
967, 730.9745178818703, 6
968, 731.7304377555847, 11
969, 732.4863576292992, 9
970, 733.2422775030136, 15
971, 733.9981973767281, 7
972, 734.7541172504425, 7
973, 735.510037124157, 5
974, 736.2659569978714, 9
975, 737.0218768715858, 8
976, 737.7777967453003, 11
977, 738.5337166190147, 4
978, 739.2896364927292, 11
979, 740.0455563664436, 7
980, 740.8014762401581, 16
981, 741.5573961138725, 7
982, 742.313315987587, 11
983, 743.0692358613014, 9
984, 743.8251557350159, 13
985, 744.5810756087303, 11
986, 745.3369954824448, 12
987, 746.0929153561592, 12
988, 746.8488352298737, 8
989, 747.6047551035881, 11
990, 748.3606749773026, 6
991, 749.116594851017, 10
992, 749.8725147247314, 8
993, 750.6284345984459, 7
994, 751.3843544721603, 4
995, 752.1402743458748, 6
996, 752.8961942195892, 10
997, 753.6521140933037, 12
998, 754.4080339670181, 5
999, 755.1639538407326, 12
1000, 755.919873714447, 15
1001, 756.6757935881615, 8
1002, 757.4317134618759, 10
1003, 758.1876333355904, 9
1004, 758.9435532093048, 9
1005, 759.6994730830193, 14
1006, 760.4553929567337, 10
1007, 761.2113128304482, 12
1008, 761.9672327041626, 12
1009, 762.723152577877, 11
1010, 763.4790724515915, 15
1011, 764.2349923253059, 9
1012, 764.9909121990204, 6
1013, 765.7468320727348, 9
1014, 766.5027519464493, 4
1015, 767.2586718201637, 8
1016, 768.0145916938782, 8
1017, 768.7705115675926, 9
1018, 769.5264314413071, 5
1019, 770.2823513150215, 7
1020, 771.038271188736, 6
1021, 771.7941910624504, 5
1022, 772.5501109361649, 14
1023, 773.3060308098793, 8
1024, 774.0619506835938, 10
